id;conversation_id;created_at;date;time;timezone;user_id;username;name;place;tweet;language;mentions;urls;photos;replies_count;retweets_count;likes_count;hashtags;cashtags;link;retweet;quote_url;video;thumbnail;near;geo;source;user_rt_id;user_rt;retweet_id;reply_to;retweet_date;translate;trans_src;trans_dest
1,59759E+18;1,59759E+18;2022-11-29 13:45:47 UTC;29/11/2022;13:45:47;0;51124892;espnbrasil;ESPN Brasil;;"Rua Catar: conheça a rua que une as pessoas e traz o futebol como essência; VEJA!  #FutebolNaESPN #ESPNnoQatar   https://t.co/FnLF3FMxaY";pt;[];['https://www.espn.com.br/video/clip/_/id/11298500'];[];0;0;5;['futebolnaespn', 'espnnoqatar'];[];https://twitter.com/ESPNBrasil/status/1597587629674995713;FALSO;;0;;;;;;;;[];;;;
1,5894E+18;1,5894E+18;2022-11-06 23:30:00 UTC;06/11/2022;23:30:00;0;51124892;espnbrasil;ESPN Brasil;;Quantos jogadores que atuam no Brasil teremos no Catar? ??  Assista à convocação da seleção brasileira rumo ao Qatar AO VIVO pela #ESPNnoStarPlus!   Acesse:  https://t.co/TZKIFVT4ne  #FutebolNaESPN #ESPNnoQatar  https://t.co/5ydd1GGoG1;pt;[];['http://dis.la/ESPNenStarPlus_BR'];['https://pbs.twimg.com/media/FgvYJicXoAEZSKU.jpg'];14;13;131;['espnnostarplus', 'futebolnaespn', 'espnnoqatar'];[];https://twitter.com/ESPNBrasil/status/1589399733373501440;FALSO;;1;https://pbs.twimg.com/media/FgvYJicXoAEZSKU.jpg;;;;;;;[];;;;
1,57916E+18;1,57916E+18;2022-10-09 17:27:48 UTC;09/10/2022;17:27:48;0;51124892;espnbrasil;ESPN Brasil;;Vai para a Copa? Gabigol fala em 'foco no Flamengo' e diz o que pode levá-lo ao Catar: 'Agora é com o Tite'  #FutebolNaESPN    https://t.co/deutPAgA97;pt;[];['https://es.pn/3fUSpmR'];[];3;0;17;['futebolnaespn'];[];https://twitter.com/ESPNBrasil/status/1579161721838522369;FALSO;;0;;;;;;;;[];;;;
1,57837E+18;1,57837E+18;2022-10-07 13:12:14 UTC;07/10/2022;13:12:14;0;51124892;espnbrasil;ESPN Brasil;;"Argentina apresenta avião que irá levar jogadores da seleção para Copa do Mundo no Catar; VEJA   #FutebolNaESPN  https://t.co/o3JnBlvr2i";pt;[];['https://es.pn/3yqXqdA'];[];2;1;16;['futebolnaespn'];[];https://twitter.com/ESPNBrasil/status/1578372629882458113;FALSO;;0;;;;;;;;[];;;;
1,57775E+18;1,57775E+18;2022-10-05 19:52:45 UTC;05/10/2022;19:52:45;0;51124892;espnbrasil;ESPN Brasil;;Tite CONFIRMA trio brasileiro no Mundial do Catar!  ??  https://t.co/327RIYQjID  #FutebolNaESPN  https://t.co/vOzuEYQGb2;pt;[];['http://bit.ly/3Cd95NY'];['https://pbs.twimg.com/media/FeVJ6RDXwBgWOdk.png'];0;2;17;['futebolnaespn'];[];https://twitter.com/ESPNBrasil/status/1577748646828949508;FALSO;;1;https://pbs.twimg.com/media/FeVJ6RDXwBgWOdk.png;;;;;;;[];;;;
1,5751E+18;1,5751E+18;2022-09-28 12:25:00 UTC;28/09/2022;12:25:00;0;51124892;espnbrasil;ESPN Brasil;;Pedro marca e Brasil está pronto pro Catar! ????? Vem debater no #F360  FOTO: Lucas Figueiredo/CBF  https://t.co/FoxNU6IpTt;pt;[];[];['https://pbs.twimg.com/media/FdvYQa6XEAAFqIF.jpg'];2;0;49;['f360'];[];https://twitter.com/ESPNBrasil/status/1575099251914207238;FALSO;;1;https://pbs.twimg.com/media/FdvYQa6XEAAFqIF.jpg;;;;;;;[];;;;
1,57337E+18;1,57337E+18;2022-09-23 17:34:07 UTC;23/09/2022;17:34:07;0;51124892;espnbrasil;ESPN Brasil;;Tá chegando... ?? Copa do Mundo do Catar terá NOVIDADE EXCLUSIVA para jogadores!  ??  https://t.co/WNG0dQrGB5  #FutebolNaESPN  https://t.co/ICQQvtdvDy;pt;[];['http://bit.ly/3r0gFXa'];['https://pbs.twimg.com/media/FdW3NaGWAAEk94H.png'];0;0;10;['futebolnaespn'];[];https://twitter.com/ESPNBrasil/status/1573365105227698177;FALSO;;1;https://pbs.twimg.com/media/FdW3NaGWAAEk94H.png;;;;;;;[];;;;
1,5723E+18;1,5723E+18;2022-09-20 18:56:49 UTC;20/09/2022;18:56:49;0;51124892;espnbrasil;ESPN Brasil;;Em encontro realizado na Polônia, Andriy Shevchenko presenteou Robert Lewandowski com sua braçadeira de capitão da Ucrânia. E o atual melhor do mundo prometeu utilizá-la no Mundial do Catar ????????  ??: @lewy_official  #FutebolNaESPN  https://t.co/KVBPyG2KoS;pt;[{'screen_name': 'lewy_official', 'name': 'robert lewandowski', 'id': '2330223926'}];[];['https://pbs.twimg.com/media/FdHtOhNWAAMy3U4.jpg'];3;3;104;['futebolnaespn'];[];https://twitter.com/ESPNBrasil/status/1572298752429330434;FALSO;;1;https://pbs.twimg.com/media/FdHtOhNWAAMy3U4.jpg;;;;;;;[];;;;
1,57004E+18;1,57004E+18;2022-09-14 13:40:00 UTC;14/09/2022;13:40:00;0;51124892;espnbrasil;ESPN Brasil;;Palmeiras recusa oferta milionária do Catar por Rony e Paulinho, atualmente na Alemanha, é cobiçado por clubes brasileiros.  Assista ao F360 AO VIVO pela #ESPNnoStarPlus!  Saiba mais:  https://t.co/scTCNUTVRa  #F360BR  https://t.co/x2Kg4mf9Gx;pt;[];['http://dis.la/ESPNF360_BR'];['https://pbs.twimg.com/media/FcnRYDfXwAEEY3u.jpg', 'https://pbs.twimg.com/media/FcnRZPLXoAMG7gS.jpg'];7;0;46;['espnnostarplus', 'f360br'];[];https://twitter.com/ESPNBrasil/status/1570044696142848000;FALSO;;1;https://pbs.twimg.com/media/FcnRYDfXwAEEY3u.jpg;;;;;;;[];;;;
1,56983E+18;1,56983E+18;2022-09-13 23:09:07 UTC;13/09/2022;23:09:07;0;51124892;espnbrasil;ESPN Brasil;;???? Clube do catar aumenta proposta por Rony, e Palmeiras toma uma decisão!  ??  https://t.co/CP7NAg1U2f  #FutebolNaESPN  https://t.co/guAjygPoln;pt;[];['http://bit.ly/3LfCdsk'];['https://pbs.twimg.com/media/Fckj7ETWQAAEpVc.png'];0;0;39;['futebolnaespn'];[];https://twitter.com/ESPNBrasil/status/1569825532979859457;FALSO;;1;https://pbs.twimg.com/media/Fckj7ETWQAAEpVc.png;;;;;;;[];;;;
1,56615E+18;1,56615E+18;2022-09-03 19:59:15 UTC;03/09/2022;19:59:15;0;51124892;espnbrasil;ESPN Brasil;;"Brasileiro deixa o PSG sem custos para o Catar e 'frustra' planos do Barcelona de lucrar com negociação; entenda   #FutebolNaESPN #FrancesNaESPN   https://t.co/ZcTPO5UqgV";pt;[];['https://es.pn/3Bc9QI1'];[];1;0;26;['futebolnaespn', 'francesnaespn'];[];https://twitter.com/ESPNBrasil/status/1566153870342033409;FALSO;;0;;;;;;;;[];;;;
1,55664E+18;1,55664E+18;2022-08-08 14:07:44 UTC;08/08/2022;14:07:44;0;51124892;espnbrasil;ESPN Brasil;;Armadura para Copa! Brasil anuncia novos uniformes que serão usados no Mundial do Catar, veja   #FutebolNaESPN   https://t.co/mBhfLIiAsX;pt;[];['https://bit.ly/3vPPgKu'];[];2;0;22;['futebolnaespn'];[];https://twitter.com/ESPNBrasil/status/1556643324898967552;FALSO;;0;;;;;;;;[];;;;
1,5556E+18;1,5556E+18;2022-08-05 17:14:44 UTC;05/08/2022;17:14:44;0;51124892;espnbrasil;ESPN Brasil;;Klopp pontua necessidade de melhorar calendário para jogadores e critica Copa do Mundo no Catar: 'Acontece no momento errado'   #FutebolNaESPN   https://t.co/JWLKrgp318;pt;[];['https://bit.ly/3StmIA4'];[];3;0;20;['futebolnaespn'];[];https://twitter.com/ESPNBrasil/status/1555603222752071680;FALSO;;0;;;;;;;;[];;;;
1,54518E+18;1,54518E+18;2022-07-07 23:09:19 UTC;07/07/2022;23:09:19;0;51124892;espnbrasil;ESPN Brasil;;Como organizada do PSG 'dobrou' chefão do Catar e conseguiu mudanças que complicaram situação de Neymar #FrancêsNaESPN #FutebolNaESPN  https://t.co/Mj0QDzb80z;pt;[];['https://es.pn/3ymCXWh'];[];1;0;17;['francêsnaespn', 'futebolnaespn'];[];https://twitter.com/ESPNBrasil/status/1545183206131245056;FALSO;;0;;;;;;;;[];;;;
1,53426E+18;1,53426E+18;2022-06-07 20:00:27 UTC;07/06/2022;20:00:27;0;51124892;espnbrasil;ESPN Brasil;;Copa do Mundo do Catar: Veja quais são as quatro seleções que disputam as duas últimas vagas no Mundial  #FutebolNaESPN    https://t.co/zHoBejOlPA  https://t.co/XDLCHe4IHi;pt;[];['https://es.pn/3tjV79m'];['https://pbs.twimg.com/media/FUrNA9GWAAE9hUJ.jpg'];0;0;12;['futebolnaespn'];[];https://twitter.com/ESPNBrasil/status/1534264042201702403;FALSO;;1;https://pbs.twimg.com/media/FUrNA9GWAAE9hUJ.jpg;;;;;;;[];;;;
1,509E+18;1,509E+18;2022-03-30 02:30:59 UTC;30/03/2022;02:30:59;0;51124892;espnbrasil;ESPN Brasil;;Brasil vai para o Mundial do Catar com time em condições de brilhar  Leia mais no blog do @anterogreco   #FutebolNaESPN    https://t.co/JCSx0l8n3K  https://t.co/68wjndANyo;pt;[{'screen_name': 'anterogreco', 'name': 'antero greco', 'id': '55729783'}];['https://es.pn/3IVoOCB'];['https://pbs.twimg.com/media/FPEHHKUXwAEk6dP.jpg'];1;1;40;['futebolnaespn'];[];https://twitter.com/ESPNBrasil/status/1508995172205568003;FALSO;;1;https://pbs.twimg.com/media/FPEHHKUXwAEk6dP.jpg;;;;;;;[];;;;
1,50894E+18;1,50894E+18;2022-03-29 22:40:01 UTC;29/03/2022;22:40:01;0;51124892;espnbrasil;ESPN Brasil;;FORA DA COPA DO MUNDO!   Salah, Ibra e mais: veja astros do futebol mundial que assistirão à Copa do Catar 'pela TV'   #FutebolNaESPN   https://t.co/IwzW6st8t8;pt;[];['https://es.pn/3NtFYLf'];[];2;0;29;['futebolnaespn'];[];https://twitter.com/ESPNBrasil/status/1508937046190006281;FALSO;;0;;;;;;;;[];;;;
1,5089E+18;1,5089E+18;2022-03-29 19:59:01 UTC;29/03/2022;19:59:01;0;51124892;espnbrasil;ESPN Brasil;;"É COPA DO MUNDO! ?? Sadio Mané estufa as redes, converte último pênalti e garante Senegal no Mundial do Catar; VEJA   #FutebolNaESPN #ESPNnoStarPlus   https://t.co/UYcxgVBbb2";pt;[];['https://es.pn/36yePX5'];[];1;2;51;['futebolnaespn', 'espnnostarplus'];[];https://twitter.com/ESPNBrasil/status/1508896529913942016;FALSO;;0;;;;;;;;[];;;;
1,5089E+18;1,5089E+18;2022-03-29 19:54:44 UTC;29/03/2022;19:54:44;0;51124892;espnbrasil;ESPN Brasil;;SALAH FORA DA COPA!!!  Senegal de Mané vence nos pênaltis, deixa Egito pelo caminho e vai ao Mundial do Catar   https://t.co/Qi4nRcOj0F  #FutebolNaESPN #ESPNnoStarPlus;pt;[];['https://www.espn.com.br/futebol/artigo/_/id/10136619/salah-fora-copa-senegal-mane-vence-penaltis-deixa-egito-caminho-vai-mundial-catar'];[];3;1;51;['futebolnaespn', 'espnnostarplus'];[];https://twitter.com/ESPNBrasil/status/1508895453684936712;FALSO;;0;;;;;;;;[];;;;
1,50887E+18;1,50887E+18;2022-03-29 18:10:03 UTC;29/03/2022;18:10:03;0;51124892;espnbrasil;ESPN Brasil;;"""Estes números permitem que a torcida brasileira possa almejar um desempenho honroso no Catar""   OPINIÃO| A campanha da seleção de Tite nas eliminatórias permite sonhar grande  LEIA MAIS no Blog do Simon #FutebolNaESPN   https://t.co/pu0I7l0IT3  https://t.co/8cjmRVhkQA";pt;[];['https://es.pn/3wKUw34'];['https://pbs.twimg.com/media/FPCUdIoXMAQnIXu.jpg'];9;0;26;['futebolnaespn'];[];https://twitter.com/ESPNBrasil/status/1508869106556190726;FALSO;;1;https://pbs.twimg.com/media/FPCUdIoXMAQnIXu.jpg;;;;;;;[];;;;
1,50843E+18;1,50843E+18;2022-03-28 12:51:00 UTC;28/03/2022;12:51:00;0;51124892;espnbrasil;ESPN Brasil;;Canadá garantido, EUA e México com 'um pé' no Catar!  Veja como está a briga por vaga na Copa nas eliminatórias da Concacaf  #FutebolNaESPN   https://t.co/Gcz6jrUHqu;pt;[];['https://www.espn.com.br/futebol/artigo/_/id/10130266/canada-garantido-eua-mexico-um-pe-no-catar-veja-como-esta-briga-por-vaga-copa-eliminatorias-concacaf'];[];0;0;20;['futebolnaespn'];[];https://twitter.com/ESPNBrasil/status/1508426427766652943;FALSO;;0;;;;;;;;[];;;;
