id,conversation_id,created_at,date,time,timezone,user_id,username,name,place,tweet,language,mentions,urls,photos,replies_count,retweets_count,likes_count,hashtags,cashtags,link,retweet,quote_url,video,thumbnail,near,geo,source,user_rt_id,user_rt,retweet_id,reply_to,retweet_date,translate,trans_src,trans_dest
1597757308846559233,1597757308846559233,2022-11-30 01:00:01 UTC,2022-11-30,01:00:01,+0000,15488353,lancenet,LANCE!,,Resum√£o de tudo o que aconteceu no torneio dos Campe√µes da Rua Catar! Evento incr√≠vel que a Pepsi Black patrocinou e fez quest√£o de chamar v√°rios craques! Vai deixar saudades ü´∂ü§©  #TomaEssa #Pepsiblack #Lance  https://t.co/gNrwmRojwM,pt,[],[],[],1,0,1,"['tomaessa', 'pepsiblack', 'lance']",[],https://twitter.com/lancenet/status/1597757308846559233,False,,1,https://pbs.twimg.com/ext_tw_video_thumb/1597738761139490817/pu/img/1sUo9CZopJvnzUzH.jpg,,,,,,,[],,,,
1597749751809642496,1597749751809642496,2022-11-30 00:30:00 UTC,2022-11-30,00:30:00,+0000,15488353,lancenet,LANCE!,,"Entrevista com campe√£o!? TEMOS! Se liga na Entrevista com o treinador vencedor do torneio da Rua do Catar, patrocinado pela Pepsi Black! Muita resenha üëäü§©üèÜ  #TomaEssa #Pepsiblack #Lance  https://t.co/UYjh3Yhgzz",pt,[],[],[],1,0,5,"['tomaessa', 'pepsiblack', 'lance']",[],https://twitter.com/lancenet/status/1597749751809642496,False,,1,https://pbs.twimg.com/ext_tw_video_thumb/1597731619204382720/pu/img/eWV5eCFzXPyz9579.jpg,,,,,,,[],,,,
1597243305460662273,1597243305460662273,2022-11-28 14:57:34 UTC,2022-11-28,14:57:34,+0000,15488353,lancenet,LANCE!,,"Gestor do Cruzeiro, Ronaldo Fen√¥meno se recupera e ir√° acompanhar Brasil e Su√≠√ßa no Catar  https://t.co/bWh47oCYP8",pt,[],['https://www.lance.com.br/cruzeiro/gestor-do-cruzeiro-ronaldo-fenomeno-se-recupera-e-ira-acompanhar-brasil-e-suica-no-catar.html?utm_source=dlvr.it&utm_medium=twitter'],[],0,0,1,[],[],https://twitter.com/lancenet/status/1597243305460662273,False,,0,,,,,,,,[],,,,
1597017426729672705,1597017426729672705,2022-11-28 00:00:00 UTC,2022-11-28,00:00:00,+0000,15488353,lancenet,LANCE!,,"A Pepsi Black chegou na Rua Catar e fez um campeonato de futebol sensacional! Temos Cicinho, Andressa Alves, Cris, Leo Moura e v√°rios craques da comunidade da Cidade Tiradentes jogando por l√°!  üëâ Confere a√≠:  https://t.co/CQcLCjgJaY  #TomaEssa #Pepsiblack #Lance  https://t.co/QULlwwYGVe",pt,[],['https://www.youtube.com/watch?v=9_GcMDSpSyA'],[],0,0,2,"['tomaessa', 'pepsiblack', 'lance']",[],https://twitter.com/lancenet/status/1597017426729672705,False,,1,https://pbs.twimg.com/ext_tw_video_thumb/1597007949339271168/pu/img/kVkHZpJvgIQ2_uok.jpg,,,,,,,[],,,,
1596602210296950784,1596602210296950784,2022-11-26 20:30:05 UTC,2022-11-26,20:30:05,+0000,15488353,lancenet,LANCE!,,"Com camisa do Cruzeiro, Gilberto Gil acompanha Copa do Mundo no Catar  https://t.co/Otng529KtI",pt,[],['https://www.lance.com.br/cruzeiro/com-camisa-do-cruzeiro-gilberto-gil-acompanha-copa-do-mundo-no-catar.html?utm_source=dlvr.it&utm_medium=twitter'],[],1,0,0,[],[],https://twitter.com/lancenet/status/1596602210296950784,False,,0,,,,,,,,[],,,,
1596292652860727298,1596292652860727298,2022-11-26 00:00:00 UTC,2022-11-26,00:00:00,+0000,15488353,lancenet,LANCE!,,"A Pepsi Black transformou a Rua Catar na sede de um campeonato de futebol incr√≠vel, com Cicinho, Andressa Alves, Cristiane, Leo Moura e um monte de craques da comunidade, da Cidade Tiradentes! E o Lance est√° acompanhando tudo!  üëâ https://t.co/EWXVNYE3yQ  #TomaEssa #Pepsiblack  https://t.co/lg0GC4Tdx7",pt,[],['https://www.youtube.com/watch?v=-lAa6AWW4f0'],[],0,0,6,"['tomaessa', 'pepsiblack']",[],https://twitter.com/lancenet/status/1596292652860727298,False,,1,https://pbs.twimg.com/ext_tw_video_thumb/1596265701093908485/pu/img/RQ2f76nHAf1ieD0h.jpg,,,,,,,[],,,,
1593785470579638272,1593785470579638272,2022-11-19 01:57:21 UTC,2022-11-19,01:57:21,+0000,15488353,lancenet,LANCE!,,"#TomaEssa! Achou que Pepsi Black ia ficar de fora? Transformaram a quadra da Rua Catar na Pepsi Black Arena. Campe√µes da Rua Catar, um torneio √∫nico e intenso, como voc√™ nunca viu!  https://t.co/kPk5KmUDPN",pt,[],[],[],0,2,8,['tomaessa'],[],https://twitter.com/lancenet/status/1593785470579638272,False,,1,https://pbs.twimg.com/ext_tw_video_thumb/1593785206921625600/pu/img/gt4QQ4rriMFqZ6Fx.jpg,,,,,,,[],,,,
1590863059047825408,1590863059047825408,2022-11-11 00:24:44 UTC,2022-11-11,00:24:44,+0000,15488353,lancenet,LANCE!,,T√Å NA COPA! ‚úàüá∂üá¶  Giorgian De Arrascaeta foi convocado para Copa do Mundo pela Sele√ß√£o Uruguaia. üá∫üáæ‚öΩ  Ser√° que o craque do Flamengo enfrenta o Brasil no Catar? ü§îüèÜ  #arrascaeta #copadomundo #flamengo #uruguai #convocado  https://t.co/IPzHSZvnWs,pt,[],[],['https://pbs.twimg.com/media/FhPhhXEWYAEXZVm.jpg'],0,1,16,"['arrascaeta', 'copadomundo', 'flamengo', 'uruguai', 'convocado']",[],https://twitter.com/lancenet/status/1590863059047825408,False,,1,https://pbs.twimg.com/media/FhPhhXEWYAEXZVm.jpg,,,,,,,[],,,,
1589655328815484930,1589655328815484930,2022-11-07 16:25:39 UTC,2022-11-07,16:25:39,+0000,15488353,lancenet,LANCE!,,DANI ALVES NO CATAR!  Tite convoca a Sele√ß√£o Brasileira para a Copa do Mundo; veja os nomes   https://t.co/Uobgscmt3V  https://t.co/TwoDsMUzXh,pt,[],['https://www.lance.com.br/selecao-brasileira/com-daniel-alves-tite-convoca-a-selecao-brasileira-para-a-copa-do-mundo-veja-os-nomes.html'],['https://pbs.twimg.com/media/Fg-W_IcXwAIqM1E.png'],5,2,4,[],[],https://twitter.com/lancenet/status/1589655328815484930,False,,1,https://pbs.twimg.com/media/Fg-W_IcXwAIqM1E.png,,,,,,,[],,,,
1589636356606775297,1589636356606775297,2022-11-07 15:10:16 UTC,2022-11-07,15:10:16,+0000,15488353,lancenet,LANCE!,,"D√öVIDAS! ü§îüáßüá∑  O Tite j√° fechou a lista, mas dentre as certezas, temos algumas posi√ß√µes que restam d√∫vidas. Dessa lista, quem voc√™ acha que vai para o Catar? üèÜüî•‚öΩ  #convoca√ß√£o #sele√ß√£obrasileira #copadomundo #tite #cbf  https://t.co/zlPekKUBhQ",pt,[],[],['https://pbs.twimg.com/media/Fg-F12fXwAg9TGN.jpg'],0,1,5,"['convoca√ß√£o', 'sele√ß√£obrasileira', 'copadomundo', 'tite', 'cbf']",[],https://twitter.com/lancenet/status/1589636356606775297,False,,1,https://pbs.twimg.com/media/Fg-F12fXwAg9TGN.jpg,,,,,,,[],,,,
1589634367969955841,1589634367969955841,2022-11-07 15:02:21 UTC,2022-11-07,15:02:21,+0000,15488353,lancenet,LANCE!,,AO VIVO! LANCE! ACOMPANHE A CONVOCA√á√ÉO DA SELE√á√ÉO BRASILEIRA PARA O MUNDIAL DO CATAR  https://t.co/l61icCL6I5,pt,[],['https://twitter.com/i/broadcasts/1RDxlabVbkVKL'],[],1,1,4,[],[],https://twitter.com/lancenet/status/1589634367969955841,False,,0,,,,,,,,[],,,,
1588949056922927104,1588949056922927104,2022-11-05 17:39:11 UTC,2022-11-05,17:39:11,+0000,15488353,lancenet,LANCE!,,"VOC√ä √â O TITE! üáßüá∑  A lista com os 26 jogadores que ir√£o representar o Brasil na Copa do Mundo de 2022 ser√° divulgada nesta segunda-feira.  Pra voc√™, quais seriam os zagueiros que jogariam a Copa do Catar? ü§î  https://t.co/1JZxlkwXpw",pt,[],[],['https://pbs.twimg.com/media/Fg0UvVAXwAASyop.jpg'],3,0,6,[],[],https://twitter.com/lancenet/status/1588949056922927104,False,,1,https://pbs.twimg.com/media/Fg0UvVAXwAASyop.jpg,,,,,,,[],,,,
1588644758867480576,1588644758867480576,2022-11-04 21:30:00 UTC,2022-11-04,21:30:00,+0000,15488353,lancenet,LANCE!,,"VOC√ä √â O TITE! üáßüá∑  A lista com os 26 jogadores que ir√£o representar o Brasil na Copa do Mundo de 2022 ser√° divulgada nesta segunda-feira. Pra voc√™, quais seriam os laterais que jogariam a Copa do Catar? ü§î  #copadomundo #brasil #sele√ß√£o #copa2022  https://t.co/GCcIVCZtPz",pt,[],[],['https://pbs.twimg.com/media/Fgv6c1WXoAUNIWm.jpg'],1,1,5,"['copadomundo', 'brasil', 'sele√ß√£o', 'copa2022']",[],https://twitter.com/lancenet/status/1588644758867480576,False,,1,https://pbs.twimg.com/media/Fgv6c1WXoAUNIWm.jpg,,,,,,,[],,,,
1588618376016171009,1588618376016171009,2022-11-04 19:45:10 UTC,2022-11-04,19:45:10,+0000,15488353,lancenet,LANCE!,,Jovem Jo√£o Pedro pretende viajar ao Catar para cobrir Copa do Mundo  https://t.co/icWJeJYU1N,pt,[],['https://www.lance.com.br/midiassociais/jovem-joao-pedro-pretende-viajar-ao-catar-para-cobrir-copa-do-mundo.html?utm_source=dlvr.it&utm_medium=twitter'],[],0,0,1,[],[],https://twitter.com/lancenet/status/1588618376016171009,False,,0,,,,,,,,[],,,,
1588195332034363396,1588195332034363396,2022-11-03 15:44:09 UTC,2022-11-03,15:44:09,+0000,15488353,lancenet,LANCE!,,Ronaldo promete cobertura in√©dita da Copa do Mundo direto do Catar na Ronaldo TV! üèÜüî•  Entenda:  https://t.co/5WSvJ2EplO  üì∑ Franck Fife/AFP  https://t.co/cz5RHMESgb,pt,[],['https://bit.ly/3hbRTlr'],['https://pbs.twimg.com/media/FgpnMSvXkAAp2bs.png'],0,5,56,[],[],https://twitter.com/lancenet/status/1588195332034363396,False,,1,https://pbs.twimg.com/media/FgpnMSvXkAAp2bs.png,,,,,,,[],,,,
1584726446907465731,1584726446907465731,2022-10-25 02:00:02 UTC,2022-10-25,02:00:02,+0000,15488353,lancenet,LANCE!,,"COPA DO MUNDO! ‚öΩüèÜ  üö® O tema tem sido frequente √†s v√©speras da Copa, j√° que o Catar √© um pa√≠s com hist√≥rico frequente de desrespeito aos direitos humanos e √†s minorias.  #LGBTQUIAP #CopaDoMundo #Catar #FIFA  https://t.co/janjzoZttH",pt,[],[],['https://pbs.twimg.com/media/Ff4UTe_XgAAkfHp.jpg'],0,0,8,"['lgbtquiap', 'copadomundo', 'catar', 'fifa']",[],https://twitter.com/lancenet/status/1584726446907465731,False,,1,https://pbs.twimg.com/media/Ff4UTe_XgAAkfHp.jpg,,,,,,,[],,,,
1580315973453611008,1580315973453611008,2022-10-12 21:54:23 UTC,2022-10-12,21:54:23,+0000,15488353,lancenet,LANCE!,,"DESFALQUES? ü§îüá¶üá∑  Dupla se machucou a servi√ßo de seus clubes, Juventus e Roma, e corre o risco de n√£o ir para o Qatar. Crise nos hermanos? üèÜüá∂üá¶  #D√≠Maria #Argentina #CopaDoMundo #Dybala #Catar  https://t.co/ibKxnn1ESD",pt,[],[],['https://pbs.twimg.com/media/Fe5pALTXgAAJ8cx.jpg'],1,1,10,"['d√≠maria', 'argentina', 'copadomundo', 'dybala', 'catar']",[],https://twitter.com/lancenet/status/1580315973453611008,False,,1,https://pbs.twimg.com/media/Fe5pALTXgAAJ8cx.jpg,,,,,,,[],,,,
1580307846171832320,1580307846171832320,2022-10-12 21:22:05 UTC,2022-10-12,21:22:05,+0000,15488353,lancenet,LANCE!,,"FIRMINO NELES! üî•üáßüá∑   O Liverpool goleou o Rangers por 7 a 1 pela Champions League com dois gols de Firmino em mais um atua√ß√£o de GALA.    E a√≠, torcedor? T√° pedindo passagem para o Catar? üèÜüá∂üá¶  #Firmino #ChampionsLeague #Tite #CopaDoMundo #Liverpool  https://t.co/LqORJFd79P",pt,[],[],['https://pbs.twimg.com/media/Fe5hnGQWAAA_4Vg.jpg'],3,0,15,"['firmino', 'championsleague', 'tite', 'copadomundo', 'liverpool']",[],https://twitter.com/lancenet/status/1580307846171832320,False,,1,https://pbs.twimg.com/media/Fe5hnGQWAAA_4Vg.jpg,,,,,,,[],,,,
1578513532366176256,1578513532366176256,2022-10-07 22:32:08 UTC,2022-10-07,22:32:08,+0000,15488353,lancenet,LANCE!,,"J√Å EST√Å NO CATAR? ü§îüèÜüáßüá∑  Em entrevista exclusiva ao LANCE!, treinador da Sele√ß√£o explicou aus√™ncia de jogador do Arsenal na √∫ltima convoca√ß√£o antes do Mundial do Qatar.  üì≤ Confira a entrevista completa nos stories!  #GabrielJesus #Tite #Sele√ß√£o #CopaDoMundo  https://t.co/MKcGvvikJm",pt,[],[],['https://pbs.twimg.com/media/FegBsO5WYAENw34.jpg'],0,1,3,"['gabrieljesus', 'tite', 'sele√ß√£o', 'copadomundo']",[],https://twitter.com/lancenet/status/1578513532366176256,False,,1,https://pbs.twimg.com/media/FegBsO5WYAENw34.jpg,,,,,,,[],,,,
1576269062207946753,1576269062207946753,2022-10-01 17:53:24 UTC,2022-10-01,17:53:24,+0000,15488353,lancenet,LANCE!,,"CONTAGEM REGRESSIVA! üóì  ‚è≥ Falta pouco para come√ßar a Copa do Mundo! Tem algu√©m ansioso, a√≠? VEM HEXA! üáßüá∑üèÜ  #CopaDoMundo #Hexa #Brasil #Catar #Sele√ß√£oBrasileira  https://t.co/277LxZbH3B",pt,[],[],['https://pbs.twimg.com/media/FeAIW1AXgAA_IdI.jpg'],0,0,4,"['copadomundo', 'hexa', 'brasil', 'catar', 'sele√ß√£obrasileira']",[],https://twitter.com/lancenet/status/1576269062207946753,False,,1,https://pbs.twimg.com/media/FeAIW1AXgAA_IdI.jpg,,,,,,,[],,,,
1575658353757413378,1575658353757413378,2022-09-30 01:26:40 UTC,2022-09-30,01:26:40,+0000,15488353,lancenet,LANCE!,,üó£ 'MUITO DIF√çCIL'  Ex-lateral disse que tecnologia do Mundial de 2022 √© praticamente 'insuper√°vel'. üèÜ  #Cafu #Brasil #Catar #CopaDoMundo  https://t.co/89v1zZx0U2,pt,[],[],['https://pbs.twimg.com/media/Fd3c67_WAAIeSAW.jpg'],0,0,9,"['cafu', 'brasil', 'catar', 'copadomundo']",[],https://twitter.com/lancenet/status/1575658353757413378,False,,1,https://pbs.twimg.com/media/Fd3c67_WAAIeSAW.jpg,,,,,,,[],,,,
1566806461803626497,1566806461803626497,2022-09-05 15:12:25 UTC,2022-09-05,15:12:25,+0000,15488353,lancenet,LANCE!,,"FIGURINHA NA √ÅREA!!!  A partir das 14h, os ""Tr√™s Figuras"" v√£o abrir mais pacotinhos do √Ålbum da Copa do Mundo do Catar, acompanhado de uma boa resenha. N√£o fique de fora!   Cola l√° na Twitch! ü§™  https://t.co/qb7zuflUX8  https://t.co/Cr9bUD5lGV",pt,[],['https://www.twitch.tv/lancedigital'],['https://pbs.twimg.com/media/Fb5qFohWAAAth6r.jpg'],1,4,22,[],[],https://twitter.com/lancenet/status/1566806461803626497,False,,1,https://pbs.twimg.com/media/Fb5qFohWAAAth6r.jpg,,,,,,,[],,,,
1557118675710365696,1557118675710365696,2022-08-09 21:36:36 UTC,2022-08-09,21:36:36,+0000,15488353,lancenet,LANCE!,,"O craque brasileiro far√° participa√ß√µes em a√ß√µes comerciais, incluindo a campanha mundial para a Copa do Mundo do Catar, no fim deste ano.   https://t.co/XkcjZdr08p",pt,[],['https://www.lance.com.br/fora-de-campo/neymar-fecha-novo-patrocinio-antes-da-copa-do-mundo.html'],[],0,1,2,[],[],https://twitter.com/lancenet/status/1557118675710365696,False,,0,,,,,,,,[],,,,
1556368672930807811,1556368672930807811,2022-08-07 19:56:22 UTC,2022-08-07,19:56:22,+0000,15488353,lancenet,LANCE!,,"O HOMEM EST√Å VOANDO, T√Å? ‚öΩ  Em ano de Copa do Mundo, o Ney est√° voltando a sua melhor forma. Ser√° que chega bem pro Catar? üáßüá∑üèÜ  #NeymarJr #NJ #PSG #Brasil #Copa  https://t.co/PyCfjcsNRR",pt,[],[],['https://pbs.twimg.com/media/FZlVDreXoAEcDa4.jpg'],0,3,20,"['neymarjr', 'nj', 'psg', 'brasil', 'copa']",[],https://twitter.com/lancenet/status/1556368672930807811,False,,1,https://pbs.twimg.com/media/FZlVDreXoAEcDa4.jpg,,,,,,,[],,,,
1553547041153892353,1553547041153892353,2022-07-31 01:04:12 UTC,2022-07-31,01:04:12,+0000,15488353,lancenet,LANCE!,,Quais s√£o as chances das equipes sul-americanas no Catar segundo os progn√≥sticos?  https://t.co/12NDPQnwYF,pt,[],['https://www.lance.com.br/futebol-nacional/quais-sao-as-chances-das-equipes-sul-americanas-no-catar-segundo-os-prognosticos.html'],[],0,0,1,[],[],https://twitter.com/lancenet/status/1553547041153892353,False,,0,,,,,,,,[],,,,
1552654674204848132,1552654674204848132,2022-07-28 13:58:15 UTC,2022-07-28,13:58:15,+0000,15488353,lancenet,LANCE!,,"‚úÖL!R: VAI SAIR? ‚úÖ  Com o excelente desempenho, Cano est√° sendo sondado no mercado e falou com exclusividade ao Lance! sobre a sequ√™ncia no Flu. Craque franc√™s pode n√£o jogar a Copa do Mundo do Catar.  Veja os detalhes e mais no LANCE! R√°pido  https://t.co/aKHZKpt4xX",pt,[],[],[],0,0,12,[],[],https://twitter.com/lancenet/status/1552654674204848132,False,,1,https://pbs.twimg.com/ext_tw_video_thumb/1552652649291399168/pu/img/PQIG44367bc4NVtG.jpg,,,,,,,[],,,,
1552318279351517184,1552318279351517184,2022-07-27 15:41:33 UTC,2022-07-27,15:41:33,+0000,15488353,lancenet,LANCE!,,FARO DE GOL! ‚öΩüáßüá∑  Quais atacantes voc√™ levaria para a Copa do Catar?  #CopaDoMundo #Atacantes #Sele√ß√£o  https://t.co/HSq2in3mDI,pt,[],[],['https://pbs.twimg.com/media/FYrxPxAXEAEXxIQ.jpg'],3,0,6,"['copadomundo', 'atacantes', 'sele√ß√£o']",[],https://twitter.com/lancenet/status/1552318279351517184,False,,1,https://pbs.twimg.com/media/FYrxPxAXEAEXxIQ.jpg,,,,,,,[],,,,
1546588753266892801,1546588753266892801,2022-07-11 20:14:27 UTC,2022-07-11,20:14:27,+0000,15488353,lancenet,LANCE!,,"CAMISA DO HEXA? üëïüáßüá∑  Esse √© o poss√≠vel uniforme reserva da Sele√ß√£o Brasileira para a Copa do Catar, segundo o site Footy Headlines. O que acharam da camisa, de gosto duvidoso? ü§î  üì∑ Footy Headlines  #Camisa #Brasil #Uniforme #Copa  https://t.co/1uWyOuHmuI",pt,[],[],['https://pbs.twimg.com/media/FXaWRaGXkAIDfIt.jpg'],8,1,5,"['camisa', 'brasil', 'uniforme', 'copa']",[],https://twitter.com/lancenet/status/1546588753266892801,False,,1,https://pbs.twimg.com/media/FXaWRaGXkAIDfIt.jpg,,,,,,,[],,,,
1536457283013693443,1536457283013693443,2022-06-13 21:15:36 UTC,2022-06-13,21:15:36,+0000,15488353,lancenet,LANCE!,,"Nos p√™naltis, a Austr√°lia venceu o Peru por 5 a 4 e carimbou a vaga para a Copa do Mundo do Catar. FESTA AUSTRALIANA! üó£‚öΩüá¶üá∫  https://t.co/jw8z1nNle0",pt,[],[],['https://pbs.twimg.com/media/FVKXvSVXoAEtDvo.jpg'],0,1,5,[],[],https://twitter.com/lancenet/status/1536457283013693443,False,,1,https://pbs.twimg.com/media/FVKXvSVXoAEtDvo.jpg,,,,,,,[],,,,
1522275008244068357,1522275008244068357,2022-05-05 18:00:19 UTC,2022-05-05,18:00:19,+0000,15488353,lancenet,LANCE!,,200 DIAS PARA A COPA DO CATAR! Quem voc√™ convocaria para o ataque da nossa sele√ß√£o? üëÄ‚öΩüèÜüîú  #brasil #copadomundo #selecaobrasileira #futebol  https://t.co/NUL00VUdhE,pt,[],[],['https://pbs.twimg.com/media/FSA1DR_XEAM4Lb3.jpg'],15,0,9,"['brasil', 'copadomundo', 'selecaobrasileira', 'futebol']",[],https://twitter.com/lancenet/status/1522275008244068357,False,,1,https://pbs.twimg.com/media/FSA1DR_XEAM4Lb3.jpg,,,,,,,[],,,,
1511123988315004930,1511123988315004930,2022-04-04 23:30:08 UTC,2022-04-04,23:30:08,+0000,15488353,lancenet,LANCE!,,Sorriso de quem quer fazer hist√≥ria no CatarüòÜüëâüèÜüåè  Portugal √© canditato para vencer a Copa do Mundo!?ü§î  üì∑ @cristiano  #portugal #cristiano #ronaldo  https://t.co/xTkhrz1Lui,pt,"[{'screen_name': 'cristiano', 'name': 'cristiano ronaldo', 'id': '155659213'}]",[],['https://pbs.twimg.com/media/FPiXQm_XwAQkraJ.jpg'],1,0,10,"['portugal', 'cristiano', 'ronaldo']",[],https://twitter.com/lancenet/status/1511123988315004930,False,,1,https://pbs.twimg.com/media/FPiXQm_XwAQkraJ.jpg,,,,,,,[],,,,
1509680595902861317,1509680595902861317,2022-03-31 23:54:37 UTC,2022-03-31,23:54:37,+0000,15488353,lancenet,LANCE!,,Panini lan√ßa √°lbum de figurinhas especial sobre a Sele√ß√£o Brasileira rumo √† Copa do Catar  https://t.co/jQbqDkOKuY,pt,[],['http://lance.com.br/selecao-brasileira/panini-lanca-album-de-figurinhas-especial-sobre-a-selecao-brasileira-rumo-a-copa-do-catar.html'],[],0,1,16,[],[],https://twitter.com/lancenet/status/1509680595902861317,False,,0,,,,,,,,[],,,,
1508916197907218433,1508916197907218433,2022-03-29 21:17:10 UTC,2022-03-29,21:17:10,+0000,15488353,lancenet,LANCE!,,‚úÖL!R: C. RONALDO NA COPA! ‚úÖ   RECEBA! Cristiano Ronaldo estar√° na Copa do Mundo gra√ßas aos dois gols de Bruno Fernandes que deram a vit√≥ria para Portugal sobre a Maced√¥nia do Norte! Senegal eliminou o Egito nos p√™naltis e tamb√©m vai pro Catar.   Tudo isso emais no LANCE! R√°pido  https://t.co/vqBR4vQI2f,pt,[],[],[],1,2,23,[],[],https://twitter.com/lancenet/status/1508916197907218433,False,,1,https://pbs.twimg.com/ext_tw_video_thumb/1508915707601375241/pu/img/X2QWF9YVKIyEXOoR.jpg,,,,,,,[],,,,
1508806393444421632,1508806393444421632,2022-03-29 14:00:51 UTC,2022-03-29,14:00:51,+0000,15488353,lancenet,LANCE!,,"‚úÖL!R: PELO MENOS UM VAI FICAR FORA! ‚úÖ   Repescagem europeia vai tirar pelo menos um ente Cristiano Ronaldo, Ibrahimovic e Lewandowski da Copa do Mundo do Catar. Palmeiras abriu conversas para renovar contrato de pe√ßa importante do elenco.   Detalhes e mais no LANCE! R√°pido  https://t.co/XzOIyzJtvV",pt,[],[],[],1,0,5,[],[],https://twitter.com/lancenet/status/1508806393444421632,False,,1,https://pbs.twimg.com/ext_tw_video_thumb/1508806246496935953/pu/img/oPqytMgd0JzBLD8a.jpg,,,,,,,[],,,,
1503863543745101830,1503863543745101830,2022-03-15 22:39:43 UTC,2022-03-15,22:39:43,+0000,15488353,lancenet,LANCE!,,Anistia Internacional diz que trabalhadores de servi√ßos na Copa do Catar est√£o correndo riscos  https://t.co/M9oXKwUo1m,pt,[],['http://lance.com.br/futebol-internacional/anistia-internacional-diz-que-trabalhadores-de-servicos-na-copa-do-catar-estao-correndo-riscos.html'],[],0,0,1,[],[],https://twitter.com/lancenet/status/1503863543745101830,False,,0,,,,,,,,[],,,,
1501695416311730185,1501695416311730185,2022-03-09 23:04:22 UTC,2022-03-09,23:04:22,+0000,15488353,lancenet,LANCE!,,Guardiola despista sobre sele√ß√£o brasileira ap√≥s Copa do Catar: 'Brasil tem t√©cnicos brasileiros muito bons'   https://t.co/h6mEPxpwDa  https://t.co/dsAI9YrlH1,pt,[],['http://lance.com.br/champions-league/pep-guardiola.html'],['https://pbs.twimg.com/media/FNcYA8MWQAU5-nc.png'],7,0,17,[],[],https://twitter.com/lancenet/status/1501695416311730185,False,,1,https://pbs.twimg.com/media/FNcYA8MWQAU5-nc.png,,,,,,,[],,,,
1489116442410770433,1489116442410770433,2022-02-03 06:00:00 UTC,2022-02-03,06:00:00,+0000,15488353,lancenet,LANCE!,,O CATAR √â LOGO ALI! ‚öΩÔ∏èüá∂üá¶üèÜ  Coreia do Sul garante classifica√ß√£o √† Copa do Mundo; veja os pa√≠ses j√° garantidos no torneio  https://t.co/c6QCDR3htW  https://t.co/He5MpM7EET,pt,[],['http://lance.com.br/galerias/coreia-do-sul-garante-classificacao-a-copa-do-mundo-veja-os-paises-ja-garantidos-no-torneio/'],['https://pbs.twimg.com/media/FKn8l_hXEAAFqCl.png'],0,0,3,[],[],https://twitter.com/lancenet/status/1489116442410770433,False,,1,https://pbs.twimg.com/media/FKn8l_hXEAAFqCl.png,,,,,,,[],,,,
1488613407993565188,1488613407993565188,2022-02-01 20:41:08 UTC,2022-02-01,20:41:08,+0000,15488353,lancenet,LANCE!,,"‚úÖL!R: RESCINDIU! ‚úÖ   Luiz Adriano e Palmeiras chegaram a um acordo para a rescis√£o de contrato. Nas Eliminat√≥rias, a Col√¥mbia precisa vencer a Argentina para sonhar com o Catar e na Inglaterra, a pol√≠cia mant√©m Greenwood preso!   Veja tudo agora no LANCE! R√°pido  https://t.co/Pax6cAZXPy",pt,[],[],[],1,0,4,[],[],https://twitter.com/lancenet/status/1488613407993565188,False,,1,https://pbs.twimg.com/media/FKisXEDXwAUHZlV.jpg,,,,,,,[],,,,
1469049152755621903,1469049152755621903,2021-12-09 20:59:46 UTC,2021-12-09,20:59:46,+0000,15488353,lancenet,LANCE!,,"‚úÖL!R: O HEXA VEM? ‚úÖ   Comitiva da Sele√ß√£o Brasileira est√° no Catar preparando-se para o mundial do ano que vem e Germ√°n Cano pode pintar no rival!   Veja isso e mais no LANCE! R√°pido, edi√ß√£o das 18h  https://t.co/4axbknHGqE",pt,[],[],[],0,0,0,[],[],https://twitter.com/lancenet/status/1469049152755621903,False,,1,https://pbs.twimg.com/media/FGMi6MMXMAgH029.jpg,,,,,,,[],,,,
1463576741738389514,1463576741738389514,2021-11-24 18:34:21 UTC,2021-11-24,18:34:21,+0000,15488353,lancenet,LANCE!,,OPINI√ÉO! üèÜüëÄüèÅ  P√≥dio no GP do Catar reuniu tr√™s melhores pilotos da d√©cada na F1? Jornalistas analisam   https://t.co/Ao4ArJtCGf  https://t.co/2seogYhWNh,pt,[],['http://grandepremio.lance.com.br/f1/noticias/podio-gp-do-catar-reuniu-tres-melhores-pilotos-decada-f1-jornalistas-analisam/'],['https://pbs.twimg.com/media/FE-rMzgXIAkjGBz.png'],1,0,0,[],[],https://twitter.com/lancenet/status/1463576741738389514,False,,1,https://pbs.twimg.com/media/FE-rMzgXIAkjGBz.png,,,,,,,[],,,,
1463547143856308234,1463547143856308234,2021-11-24 16:36:45 UTC,2021-11-24,16:36:45,+0000,15488353,lancenet,LANCE!,,NA LATA! ü§¨üèÅüëÄ  Norris desabafa sobre resultado da McLaren no Catar: ‚Äú√â realmente uma merda‚Äù #lancenet   https://t.co/uAQvNwyvEY  https://t.co/Dm7nEgbDQB,pt,[],['http://grandepremio.lance.com.br/f1/noticias/lando-norris-desabafa-sobre-resultado-mclaren-catar-realmente-merda/'],['https://pbs.twimg.com/media/FE-QRMkWQAg0si4.png'],0,0,2,['lancenet'],[],https://twitter.com/lancenet/status/1463547143856308234,False,,1,https://pbs.twimg.com/media/FE-QRMkWQAg0si4.png,,,,,,,[],,,,
1463268034626433024,1463268034626433024,2021-11-23 22:07:40 UTC,2021-11-23,22:07:40,+0000,15488353,lancenet,LANCE!,,DE OLHO! üèÅüî•  WEB STORIES: Verstappen e a falsa pol√™mica da linha amarela na largada do Catar #lancenet   https://t.co/NrQtoUBALj  https://t.co/97hKWFlpXK,pt,[],['http://grandepremio.lance.com.br/web-stories/f1/max-verstappen-falsa-polemica-da-linha-amarela-na-largada-do-catar/'],['https://pbs.twimg.com/media/FE6SRZFWUAIljGJ.png'],0,0,2,['lancenet'],[],https://twitter.com/lancenet/status/1463268034626433024,False,,1,https://pbs.twimg.com/media/FE6SRZFWUAIljGJ.png,,,,,,,[],,,,
1463267466445008899,1463267466445008899,2021-11-23 22:05:24 UTC,2021-11-23,22:05:24,+0000,15488353,lancenet,LANCE!,,AN√ÅLISE! üëÄüèÅ  Verstappen e a falsa pol√™mica da linha amarela na largada do GP do Catar de F1 #lancenet   https://t.co/9wK8gjiSV2  https://t.co/QSJrHADm3O,pt,[],['http://grandepremio.lance.com.br/f1/noticias/max-verstappen-falsa-polemica-linha-amarela-largada-catar/'],['https://pbs.twimg.com/media/FE6R8rmXEAcM8p3.png'],0,0,1,['lancenet'],[],https://twitter.com/lancenet/status/1463267466445008899,False,,1,https://pbs.twimg.com/media/FE6R8rmXEAcM8p3.png,,,,,,,[],,,,
1462762991728873480,1462762991728873480,2021-11-22 12:40:48 UTC,2021-11-22,12:40:48,+0000,15488353,lancenet,LANCE!,,CHAMA ACESA!üî•üèÅ  Alonso vai do descr√©dito pr√≥prio ao sonho do tri na F1 com p√≥dio no GP do Catar #lancenet  https://t.co/GfbPjdIjFt  https://t.co/cjVOVOjHQO,pt,[],['http://grandepremio.lance.com.br/f1/noticias/fernando-alonso-descredito-proprio-sonho-tri-formula-1-podio-gp-do-catar/'],['https://pbs.twimg.com/media/FEzHLvqXoAAb7ZJ.jpg'],0,1,3,['lancenet'],[],https://twitter.com/lancenet/status/1462762991728873480,False,,1,https://pbs.twimg.com/media/FEzHLvqXoAAb7ZJ.jpg,,,,,,,[],,,,
1462449842135969794,1462449842135969794,2021-11-21 15:56:28 UTC,2021-11-21,15:56:28,+0000,15488353,lancenet,LANCE!,,PR√ìXIMO DO L√çDERüèÅüèÜ  Hamilton vence no Catar e encosta em Verstappen na luta pelo t√≠tulo. Alonso √© 3¬∫ #lancenet   https://t.co/iGdA00xfG8  https://t.co/x2Q4PhAoUK,pt,[],['https://www.grandepremio.com.br/f1/noticias/lewis-hamilton-vence-gp-do-catar-encosta-max-verstappen-luta-titulo-fernando-alonso-podio/'],['https://pbs.twimg.com/media/FEuqVxmWUAcqrKd.png'],0,0,6,['lancenet'],[],https://twitter.com/lancenet/status/1462449842135969794,False,,1,https://pbs.twimg.com/media/FEuqVxmWUAcqrKd.png,,,,,,,[],,,,
1462415946551902213,1462415946551902213,2021-11-21 13:41:46 UTC,2021-11-21,13:41:46,+0000,15488353,lancenet,LANCE!,,TEMPO REAL!üèÅüëÄ  GP do Catar de F1 2021 ‚Äì corrida ao vivo #lancenet   https://t.co/Kynqmfyfay  https://t.co/WOIONDPSv2,pt,[],['https://www.grandepremio.com.br/ao-vivo/f1/gp-do-catar-de-f1-2021-corrida-ao-vivo-online-gratis-tempo-real-hoje/'],['https://pbs.twimg.com/media/FEuLimYXEAc4kEX.png'],0,0,4,['lancenet'],[],https://twitter.com/lancenet/status/1462415946551902213,False,,1,https://pbs.twimg.com/media/FEuLimYXEAc4kEX.png,,,,,,,[],,,,
1462409409213128711,1462409409213128711,2021-11-21 13:15:48 UTC,2021-11-21,13:15:48,+0000,15488353,lancenet,LANCE!,,CONFIRA!üèÅüëÄ  Briefing faz pr√©via do GP do Catar de F1 e traz √∫ltimas informa√ß√µes antes da largada #lancenet   https://t.co/t0sxZ5GOiw  https://t.co/7pNHJwQIyZ,pt,[],['https://www.grandepremio.com.br/f1/noticias/briefing-previa-ao-vivo-gp-do-catar-formula-1/'],['https://pbs.twimg.com/media/FEuFelSWQBAnqCw.png'],0,0,6,['lancenet'],[],https://twitter.com/lancenet/status/1462409409213128711,False,,1,https://pbs.twimg.com/media/FEuFelSWQBAnqCw.png,,,,,,,[],,,,
1462137187969998857,1462137187969998857,2021-11-20 19:14:05 UTC,2021-11-20,19:14:05,+0000,15488353,lancenet,LANCE!,,CONFIRA!üó£Ô∏èüèÅ  Confira declara√ß√µes dos pilotos ap√≥s classifica√ß√£o do GP do Catar da F1 2021 #lancenet   https://t.co/cPzSB5eRJx  https://t.co/mMSZ2DuPcy,pt,[],['https://www.grandepremio.com.br/f1/noticias/confira-declaracoes-pilotos-classificacao-gp-do-catar-f1-2021/'],['https://pbs.twimg.com/media/FEqOAWdWQAE2xZP.png'],0,1,5,['lancenet'],[],https://twitter.com/lancenet/status/1462137187969998857,False,,1,https://pbs.twimg.com/media/FEqOAWdWQAE2xZP.png,,,,,,,[],,,,
1462107029649113088,1462107029649113088,2021-11-20 17:14:15 UTC,2021-11-20,17:14:15,+0000,15488353,lancenet,LANCE!,,SEM EXPLICA√á√ïES!üèÅüëÄ  Bottas se diz sem explica√ß√µes para perda de performance no Catar: ‚ÄúFico confuso‚Äù #lancenet   https://t.co/3hpZEaphIb  https://t.co/Hwh1PKxXh9,pt,[],['https://www.grandepremio.com.br/f1/noticias/valtteri-bottas-confuso-alteracoes-mercedes-nao-sei-o-que-ocorreu-a-noite/'],['https://pbs.twimg.com/media/FEpyjAJX0AAe6hs.png'],0,0,1,['lancenet'],[],https://twitter.com/lancenet/status/1462107029649113088,False,,1,https://pbs.twimg.com/media/FEpyjAJX0AAe6hs.png,,,,,,,[],,,,
1462106786517954569,1462106786517954569,2021-11-20 17:13:17 UTC,2021-11-20,17:13:17,+0000,15488353,lancenet,LANCE!,,üèÅüëÄ  P√©rez assume decep√ß√£o com 11¬∫ lugar no grid do Catar: ‚ÄúN√£o conseguimos fazer funcionar‚Äù #lancenet   https://t.co/FwFtErYGXi  https://t.co/rSngjg54A5,pt,[],['https://www.grandepremio.com.br/f1/noticias/sergio-perez-assume-decepcao-11-lugar-grid-catar-nao-conseguimos-fazer-funcionar/'],['https://pbs.twimg.com/media/FEpyV_VXoAgaARN.png'],0,0,0,['lancenet'],[],https://twitter.com/lancenet/status/1462106786517954569,False,,1,https://pbs.twimg.com/media/FEpyV_VXoAgaARN.png,,,,,,,[],,,,
1462081036469350409,1462081036469350409,2021-11-20 15:30:57 UTC,2021-11-20,15:30:57,+0000,15488353,lancenet,LANCE!,,üèÅüëÄ  Hamilton imp√µe derrota a Verstappen e conquista pole do GP do Catar de F1 #lancenet   https://t.co/9a67t3nQYM  https://t.co/EgPRXDtjZP,pt,[],['https://www.grandepremio.com.br/f1/noticias/lewis-hamilton-derrota-max-verstappen-conquista-pole-gp-do-catar-formula-1/'],['https://pbs.twimg.com/media/FEpatF3XIAU43of.png'],0,1,8,['lancenet'],[],https://twitter.com/lancenet/status/1462081036469350409,False,,1,https://pbs.twimg.com/media/FEpatF3XIAU43of.png,,,,,,,[],,,,
1461818638814613509,1461818638814613509,2021-11-19 22:08:17 UTC,2021-11-19,22:08:17,+0000,15488353,lancenet,LANCE!,,OTIMISMO! üèÅüëÄ  Norris v√™ come√ßo no Catar ‚Äúmais positivo que o esperado‚Äù para McLaren #lancenet   https://t.co/LLdxZkBs6S  https://t.co/Htz4vTKaPM,pt,[],['http://grandepremio.lance.com.br/f1/noticias/lando-norris-ve-comeco-catar-mais-positivo-esperado-mclaren/'],['https://pbs.twimg.com/media/FElsNHbXIAMByxE.png'],0,0,4,['lancenet'],[],https://twitter.com/lancenet/status/1461818638814613509,False,,1,https://pbs.twimg.com/media/FElsNHbXIAMByxE.png,,,,,,,[],,,,
1461818187201355786,1461818187201355786,2021-11-19 22:06:29 UTC,2021-11-19,22:06:29,+0000,15488353,lancenet,LANCE!,,REPERCUSS√ÉO! üëÄüó£Ô∏èüèÅ  Confira declara√ß√µes dos pilotos ap√≥s sexta-feira do GP do Catar de F1 2021 #lancenet   https://t.co/yZGH7i9dYN  https://t.co/o5Mw5q0Z0F,pt,[],['http://grandepremio.lance.com.br/f1/noticias/confira-declaracoes-pilotos-apos-sexta-feira-gp-catar-f1-2021/'],['https://pbs.twimg.com/media/FElryA0XoAwRLrg.png'],0,0,1,['lancenet'],[],https://twitter.com/lancenet/status/1461818187201355786,False,,1,https://pbs.twimg.com/media/FElryA0XoAwRLrg.png,,,,,,,[],,,,
1461789637068922880,1461789637068922880,2021-11-19 20:13:02 UTC,2021-11-19,20:13:02,+0000,15488353,lancenet,LANCE!,,"DISPUTA NA F1! üëÄüî•üèÅüá∂üá¶  Em meio √† guerra, Mercedes e Red Bull encaram falhas em dia inconclusivo no Catar #lancenet   https://t.co/Ew0laObScb  https://t.co/EudpstVHjC",pt,[],['http://grandepremio.lance.com.br/f1/noticias/em-meio-a-guerra-mercedes-e-red-bull-encaram-falhas-em-dia-inconclusivo-no-catar/'],['https://pbs.twimg.com/media/FElR2lzXIAI3yDF.png'],0,0,4,['lancenet'],[],https://twitter.com/lancenet/status/1461789637068922880,False,,1,https://pbs.twimg.com/media/FElR2lzXIAI3yDF.png,,,,,,,[],,,,
1461698142932549634,1461698142932549634,2021-11-19 14:09:28 UTC,2021-11-19,14:09:28,+0000,15488353,lancenet,LANCE!,,"ALELUIA!  A F√≥rmula 1 j√° est√° no Catar para a disputa do GP deste fim de semana, mas s√≥ agora a FIA se pronunciou sobre incidente entre Max Verstappen e Lewis Hamilton, na √∫ltima semana, em Interlagos.  Veja qual foi a decis√£o e mais no LANCE! R√°pido - Edi√ß√£o das 11h.  https://t.co/FOW3KgIYst",pt,[],[],[],0,0,1,[],[],https://twitter.com/lancenet/status/1461698142932549634,False,,1,https://pbs.twimg.com/media/FElPFRcXIAQEFiH.jpg,,,,,,,[],,,,
1460963398766710784,1460963398766710784,2021-11-17 13:29:52 UTC,2021-11-17,13:29:52,+0000,15488353,lancenet,LANCE!,,"MAIS UM GP! üó£Ô∏èüëÄüèÅüá∂üá¶  Chefe da McLaren v√™ desafio com M√©xico-Brasil-Catar, mas lembra: ‚ÄúSomos racers‚Äù #lancenet   https://t.co/isBn3yUBRV  https://t.co/eD2dEaDGAo",pt,[],['http://grandepremio.lance.com.br/f1/noticias/chefe-mclaren-desafio-mexico-brasil-catar-somos-racers/'],['https://pbs.twimg.com/media/FEZiSi_XEAgvafV.png'],0,0,0,['lancenet'],[],https://twitter.com/lancenet/status/1460963398766710784,False,,1,https://pbs.twimg.com/media/FEZiSi_XEAgvafV.png,,,,,,,[],,,,
1459657274243354625,1459657274243354625,2021-11-13 22:59:47 UTC,2021-11-13,22:59:47,+0000,15488353,lancenet,LANCE!,,"VAI DEFENDER O T√çTULO!  Com os resultados dos jogos de hoje das eliminat√≥rias, mais duas sele√ß√µes se garantiram no Catar ano que vem. J√° s√£o seis sele√ß√µes garantidas na Copa do Mundo.  Saiba quem se classificou e mais no LANCE! R√°pido, edi√ß√£o das 20h  https://t.co/x4eL0r179e",pt,[],[],[],0,0,1,[],[],https://twitter.com/lancenet/status/1459657274243354625,False,,1,https://pbs.twimg.com/ext_tw_video_thumb/1459655709436657680/pu/img/xCmgwSS_cFxz9RB0.jpg,,,,,,,[],,,,
1459541295790178307,1459541295790178307,2021-11-13 15:18:56 UTC,2021-11-13,15:18:56,+0000,15488353,lancenet,LANCE!,,"VAI TER PUNI√á√ÉO?  Na disputa do t√≠tulo da temporada da F√≥rmula 1, Lewis Hamilton e Max Verstappen podem sofrer novas puni√ß√µes no GP do Brasil. Sele√ß√µes europeias podem garantir a vaga na Copa do Catar neste s√°bado.  Confira isso e mais no LANCE! R√°pido, edi√ß√£o das 12h  https://t.co/mONCeNivn8",pt,[],[],[],0,0,2,[],[],https://twitter.com/lancenet/status/1459541295790178307,False,,1,https://pbs.twimg.com/ext_tw_video_thumb/1459541005120774150/pu/img/0tNzq7UGb9yBaTSZ.jpg,,,,,,,[],,,,
1459114209434816514,1459114209434816514,2021-11-12 11:01:51 UTC,2021-11-12,11:01:51,+0000,15488353,lancenet,LANCE!,,"RUMO AO HEXA!  O Brasil venceu a Col√¥mbia com gol de Lucas Paquet√° e carimbou o passaporte para o Catar. Pelo Brasileir√£o, o Flamengo venceu o Bahia com pol√™mica de arbitragem.  Veja isso e mais no LANCE! R√°pido, edi√ß√£o das 8h  https://t.co/o27EUvGgvb",pt,[],[],[],0,0,16,[],[],https://twitter.com/lancenet/status/1459114209434816514,False,,1,https://pbs.twimg.com/media/FEAp-LQXsAA-4qb.jpg,,,,,,,[],,,,
1458986431339274240,1458986431339274240,2021-11-12 02:34:06 UTC,2021-11-12,02:34:06,+0000,15488353,lancenet,LANCE!,,"O Catar √© logo ali, hein... Defina esse trio em uma palavra, torcedor! üó£Ô∏èüáßüá∑üî•üèÜ #lancenet  https://t.co/xJcwG80MUc",pt,[],[],['https://pbs.twimg.com/media/FD9cafwWQAQyDGq.jpg'],4,0,20,['lancenet'],[],https://twitter.com/lancenet/status/1458986431339274240,False,,1,https://pbs.twimg.com/media/FD9cafwWQAQyDGq.jpg,,,,,,,[],,,,
1458796785611247618,1458796785611247618,2021-11-11 14:00:31 UTC,2021-11-11,14:00:31,+0000,15488353,lancenet,LANCE!,,"TEM DATA PARA VOLTAR!  Em fase final de recupera√ß√£o, o camisa 10 do Corinthians tem data para retornar aos gramados e ajudar o clube na reta final do Brasileir√£o. A Su√©cia tem a volta de Ibra e pode garantir vaga no Catar hoje.  Veja isso e mais no LANCE! R√°pido, edi√ß√£o das 11h  https://t.co/UuMp3mGXLT",pt,[],[],[],0,0,3,[],[],https://twitter.com/lancenet/status/1458796785611247618,False,,1,https://pbs.twimg.com/media/FD68abAWQAAtfze.jpg,,,,,,,[],,,,
1458660664302575622,1458660664302575622,2021-11-11 04:59:37 UTC,2021-11-11,04:59:37,+0000,15488353,lancenet,LANCE!,,NA TORCIDA üáßüá∑üéâ  'Organizada' da Sele√ß√£o estrear√° nova m√∫sica em Brasil x Col√¥mbia: 'Vamos para o catar'; assista! #lancenet  https://t.co/Fb65FbfE9l  https://t.co/SL4zXJ78DS,pt,[],['https://lance.com.br/selecao-brasileira/olho-catar-movimento-verde-amarelo-estreara-canto-duelo-entre-brasil-colombia.html'],['https://pbs.twimg.com/media/FD40I7kXIAQtq90.jpg'],0,0,2,['lancenet'],[],https://twitter.com/lancenet/status/1458660664302575622,False,,1,https://pbs.twimg.com/media/FD40I7kXIAQtq90.jpg,,,,,,,[],,,,
1451610336478564376,1451610336478564376,2021-10-22 18:04:08 UTC,2021-10-22,18:04:08,+0000,15488353,lancenet,LANCE!,,"QUE LUXO!  O Catar inaugurou hoje o sexto est√°dio para a Copa do Mundo de 2022. A arena de Al Thumama comporta 40 mil, mas ter√° sua capacidade reduzida pela metade ap√≥s o Mundial.  Veja isso e mais no LANCE! R√°pido - Edi√ß√£o das 15h.  https://t.co/ckQRy2N3nD",pt,[],[],[],0,0,7,[],[],https://twitter.com/lancenet/status/1451610336478564376,False,,1,https://pbs.twimg.com/media/FCVX33DWYAkfb3f.jpg,,,,,,,[],,,,
1449033479593861123,1449033479593861123,2021-10-15 15:24:37 UTC,2021-10-15,15:24:37,+0000,15488353,lancenet,LANCE!,,REFORMULA√á√ÉO! üèÅüëÄ  Circuito de Austin recebe reformas e Catar redesenha entrada dos boxes para receber F1 #lancenet   https://t.co/4gDjmdkPVj  https://t.co/tfzyk7h4Zo,pt,[],['http://grandepremio.lance.com.br/f1/noticias/circuito-de-austin-recebe-reformas-e-catar-redesenha-entrada-dos-boxes-para-receber-f1/'],['https://pbs.twimg.com/media/FBwAL5BWQAYyD1W.png'],0,0,4,['lancenet'],[],https://twitter.com/lancenet/status/1449033479593861123,False,,1,https://pbs.twimg.com/media/FBwAL5BWQAYyD1W.png,,,,,,,[],,,,
1446277588448645120,1446277588448645120,2021-10-08 00:53:42 UTC,2021-10-08,00:53:42,+0000,15488353,lancenet,LANCE!,,O CATAR √â LOGO ALI! üßêüèÜ  TEMPO REAL: Acompanhe o duelo entre Peru e Chile pelas Eliminat√≥rias #lancenet   https://t.co/usE7rEugbl  https://t.co/szgvrEVs2Y,pt,[],['http://temporeal.lance.com.br/eliminatorias-america-do-sul-2022-07-10-2021-peruxchile'],['https://pbs.twimg.com/media/FBI1s7SWQAMQpcB.png'],0,0,1,['lancenet'],[],https://twitter.com/lancenet/status/1446277588448645120,False,,1,https://pbs.twimg.com/media/FBI1s7SWQAMQpcB.png,,,,,,,[],,,,
1444022859324612608,1444022859324612608,2021-10-01 19:34:12 UTC,2021-10-01,19:34:12,+0000,15488353,lancenet,LANCE!,,OPINI√ÉO!üó£üèÅ  F1 chega ao Catar usando MotoGP. Parceria entre ambas est√° mais pr√≥xima? #lancenet  https://t.co/gWDtQ8r20n  https://t.co/B5w1gFl73e,pt,[],['http://grandepremio.lance.com.br/f1/noticias/f1-chega-ao-catar-usando-motogp-parceria-entre-ambas-esta-mais-proxima/'],['https://pbs.twimg.com/media/FAozIrFXoAcElfE.jpg'],0,1,3,['lancenet'],[],https://twitter.com/lancenet/status/1444022859324612608,False,,1,https://pbs.twimg.com/media/FAozIrFXoAcElfE.jpg,,,,,,,[],,,,
1443638626265468941,1443638626265468941,2021-09-30 18:07:24 UTC,2021-09-30,18:07:24,+0000,15488353,lancenet,LANCE!,,CONFIRA! üó£Ô∏èüèÅ  F1 promove chegada do GP do Catar ao calend√°rio com volta r√°pida da MotoGP #lancenet   https://t.co/ABYhHOR1qd  https://t.co/WfbeSlSCBB,pt,[],['http://grandepremio.lance.com.br/f1/noticias/f1-promove-chegada-gp-catar-calendario-volta-rapida-motogp/'],['https://pbs.twimg.com/media/FAjVlNiX0AADi3P.png'],0,2,3,['lancenet'],[],https://twitter.com/lancenet/status/1443638626265468941,False,,1,https://pbs.twimg.com/media/FAjVlNiX0AADi3P.png,,,,,,,[],,,,
1443571505837707267,1443571505837707267,2021-09-30 13:40:41 UTC,2021-09-30,13:40:41,+0000,15488353,lancenet,LANCE!,,CONFIRMA√á√ÉO! üó£Ô∏èüèÅ  F1 confirma estreia do GP do Catar em novembro e acordo de 10 anos a partir de 2023 #lancenet   https://t.co/iLSPhQDuJm  https://t.co/2n0ERlBAUy,pt,[],['http://grandepremio.lance.com.br/f1/noticias/f1-confirma-estreia-catar-novembro-acordo-10-anos-2023/'],['https://pbs.twimg.com/media/FAiYgTNUUA4NeCU.png'],0,0,13,['lancenet'],[],https://twitter.com/lancenet/status/1443571505837707267,False,,1,https://pbs.twimg.com/media/FAiYgTNUUA4NeCU.png,,,,,,,[],,,,
1441494850998788096,1441494850998788096,2021-09-24 20:08:48 UTC,2021-09-24,20:08:48,+0000,15488353,lancenet,LANCE!,,CONFIRA!üë§üîÑ  James Rodr√≠guez no Catar: veja 25 √≥timos jogadores que est√£o em mercados alternativos e caberiam no Brasil #lancenet   https://t.co/RTXXn6OlqX  https://t.co/odtpyFParO,pt,[],['https://www.lance.com.br/galerias/james-rodriguez-no-catar-veja-25-otimos-jogadores-que-estao-em-mercados-alternativos-e-caberiam-no-brasil/'],['https://pbs.twimg.com/media/FAE3miVXEAIJoPP.png'],0,0,5,['lancenet'],[],https://twitter.com/lancenet/status/1441494850998788096,False,,1,https://pbs.twimg.com/media/FAE3miVXEAIJoPP.png,,,,,,,[],,,,
1431254906090967042,1431254906090967042,2021-08-27 13:58:55 UTC,2021-08-27,13:58:55,+0000,15488353,lancenet,LANCE!,,T√Å A√ç!üìÜüèÅüèç  MotoGP divulga calend√°rio de testes e prop√µe abrir 2022 em 6 de mar√ßo com GP do Catar #lancenet  https://t.co/YdSDDwoVza  https://t.co/vseUHLDYUS,pt,[],['http://grandepremio.lance.com.br/motogp/noticias/motogp-divulga-calendario-testes-propoe-abrir-2022-6-marco-catar/'],['https://pbs.twimg.com/media/E9zWv9NXsAAeYWh.jpg'],0,0,4,['lancenet'],[],https://twitter.com/lancenet/status/1431254906090967042,False,,1,https://pbs.twimg.com/media/E9zWv9NXsAAeYWh.jpg,,,,,,,[],,,,
1429892847097061386,1429892847097061386,2021-08-23 19:46:35 UTC,2021-08-23,19:46:35,+0000,15488353,lancenet,LANCE!,,üèÅüëÄ  F√≥rmula 1 se aproxima de corrida no Catar para substituir GP da Austr√°lia em 2021 #lancenet   https://t.co/FT47Zj401Q  https://t.co/BygMUYPSRa,pt,[],['https://www.grandepremio.lance.com.br/f1/noticias/formula-1-se-aproxima-corrida-no-catar-para-substituir-gp-australia-em-2021/'],['https://pbs.twimg.com/media/E9f_z-oXoAM9O-l.png'],0,2,7,['lancenet'],[],https://twitter.com/lancenet/status/1429892847097061386,False,,1,https://pbs.twimg.com/media/E9f_z-oXoAM9O-l.png,,,,,,,[],,,,
1424066997718032385,1424066997718032385,2021-08-07 17:56:44 UTC,2021-08-07,17:56:44,+0000,15488353,lancenet,LANCE!,,"ESSE POMBO... üòÖüó£Ô∏è‚öΩÔ∏èüáßüá∑  'Ano que vem √© no Catar, careca', brinca Richarlison com presidente da Fifa #lancenet   https://t.co/TETdhbyCCC  https://t.co/GU5uWBJhZn",pt,[],['http://lance.com.br/fora-de-campo/ano-que-vem-catar-careca-brinca-richarlison-com-presidente-fifa.html'],['https://pbs.twimg.com/media/E8NNVL3WEAYOA_h.png'],3,1,28,['lancenet'],[],https://twitter.com/lancenet/status/1424066997718032385,False,,1,https://pbs.twimg.com/media/E8NNVL3WEAYOA_h.png,,,,,,,[],,,,
1418244906804551686,1418244906804551686,2021-07-22 16:21:50 UTC,2021-07-22,16:21:50,+0000,15488353,lancenet,LANCE!,,"CONFIRA! ‚öΩÔ∏èüáßüá∑üá∂üá¶  H√° 14 anos no Catar, preparador f√≠sico brasileiro comenta sobre evolu√ß√£o do futebol no pa√≠s #lancenet   https://t.co/968tcw9gPi  https://t.co/WtN1jepTkW",pt,[],['http://lance.com.br/futebol-internacional/anos-catar-preparador-fisico-brasileiro-comenta-sobre-evolucao-futebol-pais.html'],['https://pbs.twimg.com/media/E66eL9kWEAEwdVO.jpg'],0,0,5,['lancenet'],[],https://twitter.com/lancenet/status/1418244906804551686,False,,1,https://pbs.twimg.com/media/E66eL9kWEAEwdVO.jpg,,,,,,,[],,,,
1410687788446588930,1410687788446588930,2021-07-01 19:52:32 UTC,2021-07-01,19:52:32,+0000,15488353,lancenet,LANCE!,,"O BOM FILHO üü¢‚ö™Ô∏èüè†  Ele est√° de volta! Ap√≥s empr√©stimo ao Catar, Dudu se reapresenta ao Palmeiras; confira #lancenet   https://t.co/GbsoaysVGf  https://t.co/pqKdIvBvRL",pt,[],['https://m.lance.com.br/palmeiras/ele-esta-volta-apos-emprestimo-catar-dudu-reapresenta-confira.html'],['https://pbs.twimg.com/media/E5PFECoXEAkiHZE.jpg'],2,0,7,['lancenet'],[],https://twitter.com/lancenet/status/1410687788446588930,False,,1,https://pbs.twimg.com/media/E5PFECoXEAkiHZE.jpg,,,,,,,[],,,,
1402250808956264448,1402250808956264448,2021-06-08 13:07:00 UTC,2021-06-08,13:07:00,+0000,15488353,lancenet,LANCE!,,"EM AN√ÅLISE! üßêüèÅ  F1 cogita rodada dupla em Austin, Indian√°polis e at√© Catar se GP no Brasil for cancelado #lancenet   https://t.co/cmF9oZPii5  https://t.co/kdAAqRoKA8",pt,[],['http://grandepremio.lance.com.br/f1/noticias/f1-cogita-rodada-dupla-austin-indianapolis-catar-se-gp-no-brasil-for-cancelado/'],['https://pbs.twimg.com/media/E3XLiJQXEAc9yv7.png'],0,2,8,['lancenet'],[],https://twitter.com/lancenet/status/1402250808956264448,False,,1,https://pbs.twimg.com/media/E3XLiJQXEAc9yv7.png,,,,,,,[],,,,
1383078138016624642,1383078138016624642,2021-04-16 15:21:39 UTC,2021-04-16,15:21:39,+0000,15488353,lancenet,LANCE!,,CORTOU!üì±üíªüö´üèÅüèç  Miller se afasta das redes sociais por sa√∫de mental ap√≥s decep√ß√£o no Catar #lancenet  https://t.co/H290vx8Mk4  https://t.co/ZTjhngFcSa,pt,[],['http://grandepremio.lance.com.br/motogp/noticias/jack-miller-afasta-redes-sociais-saude-mental-apos-decepcao-catar/'],['https://pbs.twimg.com/media/EzGuOCdXMAIMBz_.jpg'],0,0,1,['lancenet'],[],https://twitter.com/lancenet/status/1383078138016624642,False,,1,https://pbs.twimg.com/media/EzGuOCdXMAIMBz_.jpg,,,,,,,[],,,,
1381633908391997452,1381633908391997452,2021-04-12 15:42:47 UTC,2021-04-12,15:42:47,+0000,15488353,lancenet,LANCE!,,"O QUE PASSOU, PASSOU ... üòâüèÅüèç  Morbidelli fala em come√ßar ‚Äúcom folha em branco‚Äù em Portugal ap√≥s decep√ß√£o no Catar #lancenet  https://t.co/5tbeXqaWKv  https://t.co/U540lMe7TP",pt,[],['http://grandepremio.lance.com.br/motogp/noticias/decepcionado-catar-franco-morbidelli-comecar-folha-branco-portugal/'],['https://pbs.twimg.com/media/EyyMtFhWEAspbcS.jpg'],0,0,5,['lancenet'],[],https://twitter.com/lancenet/status/1381633908391997452,False,,1,https://pbs.twimg.com/media/EyyMtFhWEAspbcS.jpg,,,,,,,[],,,,
1381633292336824324,1381633292336824324,2021-04-12 15:40:21 UTC,2021-04-12,15:40:21,+0000,15488353,lancenet,LANCE!,,"CHEGOU COM TUDO!üî•üèÅüèç  Novato, Mart√≠n brilha e vira protagonista da MotoGP ap√≥s rodada dupla no Catar #lancenet  https://t.co/yVG0EYZxzK  https://t.co/IKHQxW520V",pt,[],['http://grandepremio.lance.com.br/motogp/noticias/novato-jorge-martin-brilha-vira-protagonista-motogp-rodada-dupla-catar/'],['https://pbs.twimg.com/media/EyyMIBtWYAIgDZ7.jpg'],0,0,3,['lancenet'],[],https://twitter.com/lancenet/status/1381633292336824324,False,,1,https://pbs.twimg.com/media/EyyMIBtWYAIgDZ7.jpg,,,,,,,[],,,,
1381311380767322112,1381311380767322112,2021-04-11 18:21:11 UTC,2021-04-11,18:21:11,+0000,15488353,lancenet,LANCE!,,"üëÄüèçÔ∏è  Longa estadia no Catar afeta term√¥metro, mas MotoGP 2021 √© estonteante  https://t.co/6BvreGgpSJ  https://t.co/fatwChO3K8",pt,[],['https://www.grandepremio.lance.com.br/motogp/noticias/longa-estadia-catar-afeta-termometro-mas-motogp-2021-estonteante/'],['https://pbs.twimg.com/media/EytnQwzWQAYVFpE.png'],0,1,5,[],[],https://twitter.com/lancenet/status/1381311380767322112,False,,1,https://pbs.twimg.com/media/EytnQwzWQAYVFpE.png,,,,,,,[],,,,
1380180010414317569,1380180010414317569,2021-04-08 15:25:31 UTC,2021-04-08,15:25:31,+0000,15488353,lancenet,LANCE!,,"ALENTO!ü§∑‚Äç‚ôÇÔ∏èüèÅüèç  Rossi destaca dificuldades com pneus no Catar, mas v√™ rendimento ‚Äúum pouco melhor‚Äù #lancenet  https://t.co/VglQTsydw1  https://t.co/dTKYsNxZ7K",pt,[],['http://grandepremio.lance.com.br/motogp/noticias/valentino-rossi-destaca-dificuldades-pneus-macios-rendimento-pouco-melhor/'],['https://pbs.twimg.com/media/EydiYr1WgAITkJC.jpg'],1,0,1,['lancenet'],[],https://twitter.com/lancenet/status/1380180010414317569,False,,1,https://pbs.twimg.com/media/EydiYr1WgAITkJC.jpg,,,,,,,[],,,,
