,tweet,username,palavra_chave,classificaÃ§Ã£o
484,ROLA A BOLA PRA ğŸ‡§ğŸ‡ªxğŸ‡¨ğŸ‡¦  TÃ¡ valendo! O juiz autoriza e o Ãºltimo jogo de Copa do dia jÃ¡ tÃ¡ rolando âš½ï¸,uolesporte,catar,
4,Entenda a confusÃ£o na seleÃ§Ã£o da BÃ©lgica na Copa do Mundo  ğŸ“² https://t.co/ABN0fEcJb3  ğŸ“·JACK GUEZ / AFP  https://t.co/9wERWZEz1l,lancenet,copa,
238,Copa do Mundo: Gavi marca em goleada da Espanha e trÃªs quebras recordes histÃ³ricos  https://t.co/6RUcQIiwAC,lancenet,copa,
264,"CALOR? NADA DISSO! ğŸ¥¶ğŸ¥¶  Ar condicionado funciona como prometido, e pÃºblico passa atÃ© frio na abertura da Copa do Qatar    #ESPNnoQatar #FutebolNaESPN #ESPNnoStarPlus     https://t.co/NjI7uYQqke",espnbrasil,qatar,
46,JOGOU MUITO!ğŸ‡§ğŸ‡·â­ï¸  SeleÃ§Ã£o: Vini Jr faz do Qatar o quintal de casa e mostra personalidade em vitÃ³ria  https://t.co/Zai8AWfe42  ğŸ“· ANDREJ ISAKOVIC / AFP  https://t.co/fLipW7M5W2,lancenet,qatar,
296,Argentina pode ser eliminada hoje da Copa do Mundo? Veja as possibilidades #FIFAWorldCup #Qatar2022  https://t.co/P0ELgyDW88,uolesporte,catar,
242,De tenista profissional a 'vovÃ´ das Copas': argentinos fazem festa e provocam Brasil no Qatar antes da estreia    #FutebolNaESPN #ESPNnoQatar   https://t.co/QqV33UKAVM,espnbrasil,qatar,
120,"Copa do Mundo Ã© coisa sÃ©ria, amigo! âš½  #copadomundo #qatar2022  https://t.co/xgcnIureRR",lancenet,copa,
12,Muller desabafa apÃ³s eliminaÃ§Ã£o da Alemanha na Copa: 'desastre absoluto' #FIFAWorldCup #Qatar2022  https://t.co/wDipGr5z7G,uolesporte,catar,
183,Leia no blog de @simonapito   Entenda a regra dos cartÃµes amarelos na Copa do Mundo  #ESPNnoQatar #FutebolNaESPN   https://t.co/aMuVwtrc26  https://t.co/3gWLeiTPjZ,espnbrasil,copa,
486,Daqui a pouco o CanadÃ¡ volta pra Copa contra a BÃ©lgica depois de dÃ©cadas. Enquanto isso tem tetracampeÃ£ mundial vendo tudo do sofÃ¡... ğŸ‡®ğŸ‡¹ğŸ˜…  #UOLNaCopa2022  https://t.co/JOPpIGlsBQ,uolesporte,catar,
77,Entenda os cenÃ¡rios para a BÃ©lgica conseguir a classificaÃ§Ã£o para as oitavas de final da Copa do Mundo  https://t.co/GJK7VqvLLD,lancenet,copa,
63,"SÃ“ JOGÃƒO! âš½ğŸ†  ComeÃ§ou a Copa do Mundo, meu amigo... Se liga nos jogaÃ§os que vÃ£o rolar hoje. Ã‰ dia para ficar em frente a TV. ğŸ‘€  Qual o melhor confronto de hoje? ğŸ”¥  #copadomundo #qatar #fasedegrupos #jogosdehoje  https://t.co/V6ZK3fzA9p",lancenet,qatar,
425,"'NÃ£o existe preparaÃ§Ã£o para estrear em Copa do Mundo', analisa Casagrande #FIFAWorldCup #Qatar2022  https://t.co/SHA6Groxfk",uolesporte,catar,
248,"VitÃ³ria do Equador, cerimÃ´nia de abertura e mais: as melhores imagens do primeiro dia de Copa do Mundo do Qatar  #FutebolNaESPN #ESPNnoQatar   https://t.co/S5JlJSaoV6",espnbrasil,qatar,
106,Nuno Mendes pode ser desfalque para Portugal para o restante da Copa  O lateral deixou o campo chorando na vitÃ³ria sobre o Uruguai por conta de uma contratura na coxa e nÃ£o treinou com o elenco nesta quarta #genacopa  https://t.co/06BetpETGu,geglobo,copa,
377,GÃ¼ndogan coloca ponto final em manifestaÃ§Ãµes polÃ­ticas da Alemanha na Copa do Mundo: 'Agora Ã© sÃ³ futebol e festa'    https://t.co/rA8hTJxpCw   #FutebolNaESPN #ESPNnoQatar #ESPNnoStarPlus,espnbrasil,copa,
3,"AtÃ© 2026, Ochoa! ğŸ‡²ğŸ‡½ğŸ‘‹  ğŸ“¸: AFP  #Lancecopa #Qatar #copadomundo  https://t.co/yr0vGHXQd5",lancenet,qatar,
264,ğŸ’°ğŸ’°ğŸ’°  Veja quanto recebem os Ã¡rbitros por cada jogo na Copa  https://t.co/52Eur8680I,geglobo,copa,
188,Brasil farÃ¡ o mesmo? FranÃ§a poupa e muda 'quase tudo' para jogo contra a TunÃ­sia na Copa; veja trocas   #ESPNnoQatar #FutebolNaESPN #ESPNnoStarPlus     https://t.co/sWD1c7jllA,espnbrasil,copa,
237,E Ã© claro que o brasileiro nÃ£o esquece da Copa do Mundo de 2018 ğŸ‘€  #UOLNaCopa2022  https://t.co/Diw7q7C8Qw,uolesporte,catar,
1,Quantos jogadores que atuam no Brasil teremos no Catar? ğŸ‘€  Assista Ã  convocaÃ§Ã£o da seleÃ§Ã£o brasileira rumo ao Qatar AO VIVO pela #ESPNnoStarPlus!   Acesse:  https://t.co/TZKIFVT4ne  #FutebolNaESPN #ESPNnoQatar  https://t.co/5ydd1GGoG1,espnbrasil,catar,
222,"No grupo da FranÃ§a, Dinamarca e TunÃ­sia empatam, e Copa do Mundo do Qatar tem primeiro 0 a 0    #FutebolNaESPN #ESPNnoQatar   https://t.co/YhemCRsI1Y",espnbrasil,qatar,
134,"Veja quem sÃ£o os artilheiros da Copa do mundo, atÃ© o momento.  #MostraTuaForÃ§a #Lancecopa  https://t.co/jZbDuNt8en",lancenet,copa,
277,QUE FESTA DA TORCIDA DO QATAR ğŸ”¥ğŸ”¥ğŸ”¥  #FutebolNaESPN #ESPNnoQatar  https://t.co/5ZohVbO0J5,espnbrasil,qatar,
246,O 'torneio Ã  parte' que Argentina disputa no meio da Copa do Qatar e vale prÃªmio de quase R$ 20 mil   #FutebolNaESPN #ESPNnoQatar    https://t.co/Hj1AielMQq,espnbrasil,qatar,
78,"ğŸ“¢Sextou com #ResenhaESPN! AmanhÃ£, Ã s 19h30, @plihalespn e convidados estarÃ£o juntos para repercutir todos os Ãºltimos acontecimentos da Copa do Mundo. FIQUE LIGADO!  Assista AO VIVO pela #ESPNnoStarPlus! Acesse:  https://t.co/yJbSbCT8RH  #ESPNnoQatar  https://t.co/7LTjWca1lX",espnbrasil,copa,
71,Invadiu a Ã¡rea e bateu bonito: VEJA como Holanda abriu caminho para vitÃ³ria tranquila contra o Qatar  #FutebolNaESPN #ESPNnoQatar   https://t.co/aqxc8z9TU1,espnbrasil,qatar,
252,Copa do Mundo 2022 hoje: veja os jogos e horÃ¡rios deste domingo (27/11) #FIFAWorldCup #Qatar2022  https://t.co/S1p047MEKq,uolesporte,catar,
233,ğŸ‡¨ğŸ‡¦ Ã‰ o primeiro gol da histÃ³ria do CanadÃ¡ em Copa do Mundo!  #UOLNaCopa2022  https://t.co/lE6LAjhYyw,uolesporte,catar,
119,"Tite cita Scarpa, do Palmeiras, para defender Daniel Alves de crÃ­ticas na Copa do Mundo  #ESPNnoQatar #FutebolNaESPN   https://t.co/VmZes120Gj",espnbrasil,copa,
139,"No blog do Paulo Cobos  Desde os 16, VinÃ­cius Jr suportou crÃ­ticas injustas e vÃ¡rias ironias canalhas. Apanhou, sofreu ofensas racistas. Respondeu jogando bola e com profissionalismo. Seja no CariocÃ£o como na Copa do Mundo  #ESPNnoQatar    https://t.co/t8pwvIeoA6  https://t.co/RijrbYHWgW",espnbrasil,copa,
109,#CopadasCamisas   Qual a camisa mais bonita da Copa?   Vote! Vamos definir qual Ã© o melhor uniforme que vai entrar em campo no Catar!  #genacopa  https://t.co/QzhxWNh7b1,geglobo,catar,
57,"XERIFES DO QATAR!  Casemiro, Kimmich, Rodri? Veja quem sÃ£o os cinco melhores 'camisa 5' da atualidade  #ESPNnoQatar #ESPNnoStarPlus    https://t.co/iDrnDBs1sz",espnbrasil,qatar,
249,"ApÃ³s lesÃ£o, titular da FranÃ§a irÃ¡ voltar Ã  Europa e seleÃ§Ã£o seguirÃ¡ na Copa do Mundo com 24 jogadores  https://t.co/ZgP9NVpagJ",lancenet,copa,
124,Estrela diz que farÃ¡ programa nua por 24 horas se Inglaterra vencer a Copa #FIFAWorldCup #Qatar2022  https://t.co/OT8StzUVsN,uolesporte,catar,
0,Comunicado sobre ExibiÃ§Ãµes PÃºblicas da Copa do Mundo da FIFA Qatar 2022â„¢ no Brasil  ConheÃ§a as regras para exibiÃ§Ãµes pÃºblicas dos jogos do Mundial 2022   https://t.co/ypYRd3amma,geglobo,qatar,
187,Solta o â¤ aÃ­ quem quer ver o Eriksen nas oitavas da Copa! Pra isso a Dinamarca precisa VENCER a AustrÃ¡lia logo mais! ğŸ‡¦ğŸ‡º x ğŸ‡©ğŸ‡° #ESPNnoQatar  https://t.co/QApDN9JotC,espnbrasil,copa,
23,HÃ¡ quanto tempo um jogador que era do seu time do coraÃ§Ã£o nÃ£o marca em uma Copa do Mundo? ğŸ¤”ğŸ‡§ğŸ‡·  ğŸ“² Se liga:  https://t.co/6SoNMuyqGW  https://t.co/baLwTJNXtY,lancenet,copa,
322,"BRASIL CLASSIFICADO! Assim ficou o Grupo G da Copa, apÃ³s a vitÃ³ria da seleÃ§Ã£o sobre a SuÃ­Ã§a!  #ESPNnoQatar  https://t.co/quspcqw6q2",espnbrasil,copa,
300,Australianos vÃ£o Ã  loucura com 1Âª vitÃ³ria em Copa apÃ³s 12 anos; veja #FIFAWorldCup #Qatar2022  https://t.co/aDkZCenjlu,uolesporte,catar,
271,"O 1Âº GOL DA COPA DO MUNDO!  Enner Valencia sofre pÃªnalti, cobra com perfeiÃ§Ã£o e abre o placar em Qatar x Equador   #ESPNNoQatar #FutebolNaESPN     https://t.co/61Ay9fGzqu",espnbrasil,qatar,
347,Lenda da Alemanha surpreende e diz qual jogador da Copa serÃ¡ o 'Messi do futuro'    #FutebolNaESPN #ESPNnoQatar    https://t.co/8jjEkNmkNj,espnbrasil,copa,
219,Brasil vence sem Neymar? Uruguai reage? Os palpites dos colunistas na Copa #FIFAWorldCup #Qatar2022  https://t.co/gHJ9tjWcRi,uolesporte,catar,
216,Meia da Argentina escreveu carta a Messi seis anos antes de jogar a Copa #FIFAWorldCup #Qatar2022  https://t.co/7SWa4eptz1,uolesporte,catar,
56,SensaÃ§Ã£o da Holanda na Copa do Mundo do Qatar encanta Van Gaal: 'Tem tudo para se tornar uma estrela'   #ESPNnoQatar #FutebolNaESPN #ESPNnoStarPlus     https://t.co/dBRkhXpgjK,espnbrasil,qatar,
93,"Ã‰ INVASÃƒO BRASILEIRA NO CATAR!  Ã‰ CLIMA DE HEXAAAAAAAAAA! BORA, BRASIIIIIIIIIIIIIIL ğŸ‡§ğŸ‡·ğŸ‡§ğŸ‡·ğŸ‡§ğŸ‡·ğŸ‡§ğŸ‡·ğŸ‡§ğŸ‡·ğŸ‡§ğŸ‡·ğŸ‡§ğŸ‡·  #genacopa  https://t.co/vQiGJtA5ed",geglobo,catar,
63,Cody Gakpo segue jogando muito. Marcou em todas as partidas da Holanda na Copa do Mundo atÃ© agora.  #lanceCOPA #CopaDoMundoFIFA #Qatar2022  ğŸ“·EFE / EPA/ Tolga Bozoglu  https://t.co/h7gJwUdzqf,lancenet,copa,
34,"James RodrÃ­guez surpreende, detona ex-treinador e revela onde quer jogar apÃ³s perÃ­odo no Catar  #FutebolNaESPN   https://t.co/1jGBhCbBkd",espnbrasil,catar,
63,REFORMULAÃ‡ÃƒO! ğŸğŸ‘€  Circuito de Austin recebe reformas e Catar redesenha entrada dos boxes para receber F1 #lancenet   https://t.co/4gDjmdkPVj  https://t.co/tfzyk7h4Zo,lancenet,catar,
66,Times ESCALADOS!  PaÃ­s de Gales x Inglaterra AO VIVO: Siga TUDO da Copa do Mundo do Qatar #ESPNnoQatar    https://t.co/UvkPYBhdfI,espnbrasil,qatar,
166,SERÃ?  Ex-jogador da SeleÃ§Ã£o diz que Neymar e Danilo podem nÃ£o jogar mais a Copa  &gt;&gt;  https://t.co/dIc4LH94Sk  ğŸ“· GIUSEPPE CACACE/AFP  https://t.co/99Dcb4Djs3,lancenet,copa,
230,O caos chegou no Qatar! ğŸ˜‚ğŸ˜‚ğŸ‡§ğŸ‡·ğŸ‡§ğŸ‡·  Via Movimento Verde Amarelo  #ESPNnoQatar  https://t.co/MAgjvVlSP6,espnbrasil,qatar,
232,"Fora da fase de grupos da Copa com problema no tornozelo direito, Neymar nÃ£o sofria uma lesÃ£o sÃ©ria desde novembro de 2021.  Na atual temporada, o camisa 10 do Brasil participou de 20 dos 22 jogos do PSG. SÃ³ foi desfalque quando precisou cumprir suspensÃ£o automÃ¡tica #genacopa  https://t.co/AMRavuOh2u",geglobo,copa,
305,CALCULADORA NA MÃƒO  Quem vai Ã s oitavas da Copa do Mundo? Veja as contas do que cada seleÃ§Ã£o precisa na Ãºltima rodada   #FutebolNaESPN #ESPNnoQatar    https://t.co/8wlzY4mIE5,espnbrasil,copa,
445,SuÃ­Ã§a vence CamarÃµes com gol especial em 1Âº jogo do grupo do Brasil na Copa #FIFAWorldCup #Qatar2022  https://t.co/ShWAH3hTIP,uolesporte,catar,
363,TÃ©cnico do Qatar troca goleiro titular apÃ³s falhas na estreia da Copa #FIFAWorldCup #Qatar2022  https://t.co/eMCYtiUaqA,uolesporte,catar,
31,"""UMA AULA DE HISTÃ“RIA AOS BRASILEIROS""  Por que uruguaios estÃ£o cantando no Qatar que sÃ£o tetracampeÃµes do mundo mesmo com sÃ³ duas Copas â­ï¸ â­ï¸ â­ï¸ â­ï¸    https://t.co/vRpWX0apGq   #FutebolNaESPN #ESPNnoQatar #ESPNnoStarPlus",espnbrasil,qatar,
287,"O Lewandowski ainda continua na saga de marcar seu primeiro golzinho em Copa do Mundo. NÃ£o foi dessa vez, por enquanto! ğŸ‡µğŸ‡±  #lewandowski #polonia #mexico #copadomundo  https://t.co/TCcOLIRe7F",lancenet,copa,
19,Mulher de Marquinhos diz se sentir mal com 'olhares diferentes' no Qatar #FIFAWorldCup #Qatar2022  https://t.co/WYf32tGVm6,uolesporte,qatar,
118,AtlÃ©tico-MG celebra tÃ­tulo da Copa d o Brasil de 2014 em cima do Cruzeiro  https://t.co/fYkiuObYmd,lancenet,copa,
8,#CopadasCamisas   Qual a camisa mais bonita da Copa?   Vote! Vamos definir qual Ã© o melhor uniforme que vai entrar em campo no Catar!  #genacopa  https://t.co/eBostzCq3a,geglobo,catar,
134,O ranking dos times brasileiros mais conhecidos por torcedores das 32 seleÃ§Ãµes no Qatar! Teve gigante esquecido...   VEJA AQUI ğŸ‘‰  https://t.co/PaBNChJJ9F  https://t.co/DWcyWNjMhp,espnbrasil,qatar,
83,CHEGOU A HORA!  Holanda x Qatar AO VIVO: Siga TUDO da Copa do Mundo em TEMPO REAL   #ESPNnoQatar #FutebolNaESPN    https://t.co/RziTIcRaI0,espnbrasil,qatar,
55,"NÃƒO, NÃƒO Ã‰ REPLAY! A zebra segue passeando no Qatar. Dessa vez, o JapÃ£o derrotou a Alemanha, por 2 a 1. Foi a primeira vitÃ³ria japonesa de virada na histÃ³ria das Copas. Complicou para os alemÃ£es, hein?!  https://t.co/GSXqB19QYd",lancenet,qatar,
149,"Mascote da seleÃ§Ã£o brasileira, Canarinho dÃ¡ 'rolÃ©' pelo Qatar, faz embaixadinhas e agita torcedores; VEJA  #FutebolNaESPN #ESPNnoQatar   https://t.co/8vZiXcqBvD",espnbrasil,qatar,
43,"SENTIU! ğŸ‡«ğŸ‡·  ğŸš¨ Na vÃ©spera da partida contra a TunÃ­sia, a condiÃ§Ã£o do atacante gera dÃºvida a respeito de sua participaÃ§Ã£o no Ãºltimo jogo do Grupo D da Copa do Mundo.  #mbappÃ© #franÃ§a #copadomundo #worldcup #qatar2022  https://t.co/EOTRkMRjTC",lancenet,copa,
8,"Palmeiras recusa oferta milionÃ¡ria do Catar por Rony e Paulinho, atualmente na Alemanha, Ã© cobiÃ§ado por clubes brasileiros.  Assista ao F360 AO VIVO pela #ESPNnoStarPlus!  Saiba mais:  https://t.co/scTCNUTVRa  #F360BR  https://t.co/x2Kg4mf9Gx",espnbrasil,catar,
428,Manchester United ignora Cristiano Ronaldo e deseja sorte Ã  dupla na Copa #FIFAWorldCup #Qatar2022  https://t.co/ZCyX2QUa2x,uolesporte,catar,
31,"Bate na madeira aÃ­, Lino! CoraÃ§Ã£o do brasileiro nÃ£o aguenta ver a SeleÃ§Ã£o tomando gols, nÃ£o ğŸ˜… #genacopa  ğŸ“¹: O SeleÃ§Ã£o Catar vai ao ar Ã s 20h, no @sportv. Assista!  https://t.co/SMZBdPFavX",geglobo,catar,
5,Brasileiros cantam muito e fazem festa absurda no metrÃ´ do Qatar antes de duelo contra CamarÃµes; VEJA   #FutebolNaESPN #ESPNnoQatar   https://t.co/2DGmM6nD4h,espnbrasil,qatar,
75,"Vergonha, desastre e mais: como imprensa mundial reagiu Ã  nova eliminaÃ§Ã£o da Alemanha na fase de grupos da Copa  #ESPNnoQatar #ESPNnoStarPlus    https://t.co/TE07ioukrj",espnbrasil,copa,
239,"Lateral retorna aos treinos, e Portugal nÃ£o deve ter desfalques para estreia na Copa  https://t.co/OKDOrwTCtS",lancenet,copa,
95,VAI Ã€S COMPRAS?  Jornal revela lista estrelada do United com seis nomes de Copa do Mundo para investir apÃ³s saÃ­da de Cristiano Ronaldo; veja    #FutebolNaESPN #PremierLeagueNaESPN #ESPNnoStarPlus      https://t.co/vsjETvIof8,espnbrasil,copa,
0,PALESTINA NA COPA?ğŸ‡µğŸ‡¸  ManifestaÃ§Ãµes chamam a atenÃ§Ã£o no Mundial do Qatar  ğŸ“² https://t.co/MO6kWAvlPe  ğŸ“·EFE / EPA / Tolga Bozoglu  https://t.co/KKXJhzJToo,lancenet,qatar,
321,Muito bom ver Eriksen em campo pela Dinamarca durante a Copa do Mundo!  #genacopa  https://t.co/bNzTeWgGzp,geglobo,copa,
133,'AtÃ© hoje nÃ£o sei como ele nÃ£o teve muita chance no Real Madrid': conheÃ§a o craque do PSG que emocionou na cena mais bonita da Copa atÃ© agora  #ESPNnoQatar #FutebolNaESPN   https://t.co/6bsw5Bvs92,espnbrasil,copa,
463,Casemiro conta bastidores da ausÃªncia de Neymar e revela por que defesa do Brasil tem 'pena' dos rivais na Copa  #ESPNNoQatar #FutebolNaESPN   https://t.co/MflNCA3uUr,espnbrasil,copa,
31,"VAI VOLTAR! Alex Evangelista, ex-fisioterapeuta da SeleÃ§Ã£o Brasileira, explica lesÃ£o de Neymar e diz que craque voltarÃ¡ a atuar na Copa do Mundo do Qatar. BORA, NEY!  https://t.co/Add90U1Zwr",lancenet,qatar,
489,AustrÃ¡lia conta com o â€˜paredÃ£oâ€™ Mathew Ryan para sobreviver na Copa do Mundo! Veja defesas do goleiro australiano   #ESPNnoQatar #FutebolNaESPN   https://t.co/PXZsNghhPn,espnbrasil,copa,
182,"Perfil ESPN: Artilheiro da SÃ©rvia, Mitrovic promete 'infernizar' o Brasil no Qatar  #ESPNnoQatar #FutebolNaESPN   https://t.co/tdjKKheWKb",espnbrasil,qatar,
174,'Acabou isso no futebol': Zinho vÃª mudanÃ§a de postura na seleÃ§Ã£o e quem ganhou posiÃ§Ã£o no Qatar; VEJA  #ESPNnoQatar #ESPNnoStarPlus #SCBrasil   https://t.co/W06HV1atY1,espnbrasil,qatar,
229,ğŸ™ CORRESPONDENTES PREMIER (no Qatar) ğŸ™  EpisÃ³dio #253: ONE LOVE   ğŸ§  https://t.co/5Bv215AVz9  @CorrespoPremier  https://t.co/wdr2G9QPyx,espnbrasil,qatar,
283,CHANTAGEADA! ğŸ‡©ğŸ‡ªğŸ³ï¸â€ğŸŒˆ  Alemanha diz ter sido 'chantageada' pela Fifa contra uso de braÃ§adeira LGBT na Copa.  ğŸ“² Confira:  https://t.co/gScwyqdNpP  https://t.co/fzWqV5h6yv,lancenet,copa,
104,O ranking dos times brasileiros mais conhecidos por torcedores das 32 seleÃ§Ãµes no Qatar! Teve gigante esquecido...  ğŸ‘‰  https://t.co/PaBNChKgZd   #FutebolNaESPN #ESPNnoQatar  https://t.co/OdJq0QNqOJ,espnbrasil,qatar,
261,"Copa 2022: Refugiado de guerra, australiano chora no banco e explica motivo #FIFAWorldCup #Qatar2022  https://t.co/o0up9Zxzj9",uolesporte,catar,
70,FOI EMOÃ‡ÃƒO ATÃ‰ O FIM! ğŸ‡³ğŸ‡± ğŸ‡¸ğŸ‡³ Holanda e Senegal avanÃ§aram Ã s oitavas de final da Copa pelo Grupo A! Equador e Qatar se despedem do Mundial logo na primeira fase...  #ESPNnoQatar  https://t.co/2yzW9Ui4ut,espnbrasil,qatar,
263,MAIS UM 0 A 0! ğŸ‡²ğŸ‡¦ğŸ‡­ğŸ‡·âš”ï¸  Marrocos e CroÃ¡cia nÃ£o saem do 0 na abertura do grupo F na Copa do Mundo  ğŸ“² Veja:  https://t.co/8CCDu43jrD  https://t.co/Z1SCln4kSR,lancenet,copa,
235,Integrantes da FlaQatar vÃ£o Ã  estreia do Brasil na Copa e mandam recado ao Real Madrid  https://t.co/kBMSv5exc0,geglobo,copa,
165,"Um dos artilheiros da Copa com trÃªs gols, Enner Valencia tem torÃ§Ã£o no joelho direito e Ã© dÃºvida para Equador ğŸ‡ªğŸ‡¨ x ğŸ‡¸ğŸ‡³ Senegal  No Grupo A, Equador precisa apenas de um empate para confirmar a classificaÃ§Ã£o ao mata-mata #genacopa  https://t.co/m3S9oFkBoF",geglobo,copa,
72,"CONFIRA! âš½ï¸ğŸ‡§ğŸ‡·ğŸ‡¶ğŸ‡¦  HÃ¡ 14 anos no Catar, preparador fÃ­sico brasileiro comenta sobre evoluÃ§Ã£o do futebol no paÃ­s #lancenet   https://t.co/968tcw9gPi  https://t.co/WtN1jepTkW",lancenet,catar,
12,O CRAQUE DA LARANJA MECÃ‚NICA! ğŸ‡³ğŸ‡±ğŸ¦  Davy Klaassen foi eleito o craque do jogo na partida entre Qatar e Holanda.  #holanda #klaassen #copadomundo #qatar2022 #MostraTuaForÃ§a  https://t.co/Z2P0EE8deE,lancenet,qatar,
474,Richarlison prova que nada se compara a uma Copa do Mundo  Veja no blog @maquinaesporte  #ESPNnoQatar   https://t.co/yXvPwqz6MS,espnbrasil,copa,
95,Gol de Cristiano Ronaldo! âš½   Siga TUDO da Copa do Mundo no Qatar em TEMPO REAL!  #FutebolNaESPN #ESPNnoQatar  https://t.co/sTtmob9Q39,espnbrasil,qatar,
341,Torcida de CamarÃµes canta e danÃ§a muito em festa depois do empate contra a SÃ©rvia na Copa do Mundo  #FutebolNaESPN #ESPNnoQatar   https://t.co/pgyp8mjo77,espnbrasil,copa,
107,CasÃ£o: Sou contra a seleÃ§Ã£o brasileira nÃ£o ter um psicÃ³logo na Copa #FIFAWorldCup #Qatar2022  https://t.co/9D8C9Zn2de,uolesporte,catar,
97,ApagÃ£o em jogo de Copa do Mundo ngm reclama nÃ©? Agora se fosse no Raulino de Oliveira todo mundo iria falar! ğŸ¤·â€â™‚ï¸,lancenet,copa,
136,"A Fifa puniu a FederaÃ§Ã£o AlemÃ£ de Futebol com uma multa de em 10 mil euros e uma advertÃªncia pelo descumprimento do regulamento da Copa  No Ãºltimo sÃ¡bado, nenhum jogador da Alemanha compareceu Ã  entrevista coletiva obrigatÃ³ria no centro de imprensa #genacopa  https://t.co/VsFd1h1Fe3",geglobo,copa,
49,Rodrigo Coutinho: AtÃ© na reaÃ§Ã£o o MÃ©xico foi uma decepÃ§Ã£o nesta Copa  https://t.co/AMIGD29Mx5,uolesporte,catar,
187,As casas da Copa! Como Ã© o maior estÃ¡dio do Qatar que vai receber a estreia do Brasil no Mundial   #ESPNnoQatar #FutebolNaESPN   https://t.co/l0IKQl4XNG,espnbrasil,qatar,
